,XVal,YVal,ZVal,time
0,-6.86,-7.45,-1.47,1.4120266437530518
1,-6.96,-7.45,-1.57,1.4637186527252197
2,-6.96,-7.45,-1.47,1.4667749404907227
3,-6.96,-7.45,-1.57,1.4671845436096191
4,-6.96,-7.45,-1.47,1.4697039127349854
5,-6.86,-7.45,-1.57,1.4700956344604492
6,-6.86,-7.45,-1.57,1.4716246128082275
7,-6.86,-7.45,-1.57,1.4746201038360596
8,-6.86,-7.45,-1.57,1.4746201038360596
9,-6.86,-7.45,-1.57,1.4774487018585205
10,-6.96,-7.45,-1.57,1.4774487018585205
11,-6.86,-7.45,-1.57,1.4805102348327637
12,-6.96,-7.45,-1.57,1.4831998348236084
13,-6.86,-7.45,-1.57,1.483583927154541
14,-6.86,-7.45,-1.57,1.4855804443359375
15,-6.96,-7.45,-1.57,1.4855804443359375
16,-6.96,-7.45,-1.57,1.487602710723877
17,-6.96,-7.45,-1.57,1.4912917613983154
18,-6.96,-7.26,-1.57,1.4912917613983154
19,-6.96,-7.45,-1.57,1.4935219287872314
20,-6.96,-7.45,-1.57,1.4935219287872314
21,-6.96,-7.45,-1.57,1.4961440563201904
22,-6.96,-7.45,-1.57,1.4991309642791748
23,-6.96,-7.45,-1.67,1.499626874923706
24,-6.96,-7.45,-1.57,1.50193452835083
25,-6.96,-7.45,-1.57,1.50193452835083
26,-6.86,-7.45,-1.57,1.504929780960083
27,-6.96,-7.45,-1.57,1.507561445236206
28,-6.96,-7.45,-1.57,1.5080864429473877
29,-6.96,-7.45,-1.57,1.5102927684783936
30,-6.96,-7.26,-1.57,1.5102927684783936
31,-6.96,-7.26,-1.57,1.5131051540374756
32,-6.96,-7.45,-1.57,1.5131051540374756
33,-6.96,-7.45,-1.57,1.5155248641967773
34,-6.96,-7.45,-1.57,1.5175209045410156
35,-6.96,-7.45,-1.57,1.5185184478759766
36,-6.96,-7.45,-1.57,1.5206327438354492
37,-6.96,-7.26,-1.57,1.5218477249145508
38,-6.96,-7.26,-1.57,1.5234017372131348
39,-6.96,-7.26,-1.57,1.5263991355895996
40,-6.96,-7.45,-1.57,1.5263991355895996
41,-6.86,-7.26,-1.57,1.5289745330810547
42,-6.86,-7.26,-1.57,1.5289745330810547
43,-6.77,-7.26,-1.57,1.5320966243743896
44,-6.96,-7.45,-1.57,1.535717487335205
45,-6.96,-7.16,-1.57,1.5367155075073242
46,-6.96,-7.45,-1.57,1.5367155075073242
47,-6.96,-7.45,-1.57,1.5367155075073242
48,-6.86,-7.45,-1.57,1.5397369861602783
49,-6.96,-7.45,-1.57,1.5425136089324951
50,-6.96,-7.45,-1.47,1.542999267578125
51,-6.86,-7.45,-1.57,1.5453810691833496
52,-6.96,-7.26,-1.57,1.5453810691833496
53,-6.96,-7.26,-1.57,1.547562837600708
54,-6.96,-7.26,-1.57,1.5516371726989746
55,-6.96,-7.45,-1.57,1.5519447326660156
56,-6.96,-7.45,-1.57,1.5532774925231934
57,-6.96,-7.26,-1.57,1.5532774925231934
58,-6.86,-7.45,-1.57,1.5559208393096924
59,-6.96,-7.45,-1.57,1.5587468147277832
60,-6.96,-7.45,-1.57,1.5593345165252686
61,-6.96,-7.26,-1.57,1.561917781829834
62,-6.96,-7.45,-1.57,1.561917781829834
63,-6.96,-7.45,-1.57,1.5646429061889648
64,-6.96,-7.26,-1.57,1.565643310546875
65,-6.96,-7.45,-1.57,1.5675179958343506
66,-6.86,-7.45,-1.57,1.5700984001159668
67,-6.96,-7.45,-1.57,1.5700984001159668
68,-6.96,-7.26,-1.57,1.572718620300293
69,-6.96,-7.26,-1.57,1.572718620300293
70,-6.96,-7.26,-1.57,1.5755765438079834
71,-6.96,-7.45,-1.57,1.5779168605804443
72,-6.96,-7.45,-1.57,1.5779168605804443
73,-6.86,-7.45,-1.57,1.5811247825622559
74,-6.96,-7.45,-1.57,1.581958293914795
75,-6.96,-7.45,-1.57,1.5832006931304932
76,-6.96,-7.26,-1.57,1.5859367847442627
77,-6.96,-7.26,-1.47,1.5859367847442627
78,-6.96,-7.26,-1.57,1.589155673980713
79,-6.96,-7.45,-1.57,1.589155673980713
80,-6.96,-7.26,-1.57,1.5918996334075928
81,-6.96,-7.45,-1.57,1.5938496589660645
82,-6.96,-7.45,-1.57,1.5947096347808838
83,-6.96,-7.45,-1.57,1.5972495079040527
84,-6.96,-7.45,-1.57,1.5976333618164062
85,-6.96,-7.26,-1.57,1.6000406742095947
86,-6.96,-7.45,-1.57,1.602522611618042
87,-6.86,-7.45,-1.57,1.602907657623291
88,-6.96,-7.45,-1.57,1.6047475337982178
89,-6.86,-7.55,-1.57,1.6056973934173584
90,-6.96,-7.45,-1.57,1.607846736907959
91,-6.96,-7.45,-1.57,1.6098990440368652
92,-6.86,-7.45,-1.57,1.6108992099761963
93,-6.96,-7.45,-1.57,1.6125142574310303
94,-6.96,-7.26,-1.57,1.613515853881836
95,-6.96,-7.45,-1.57,1.6158387660980225
96,-6.96,-7.45,-1.57,1.6158387660980225
97,-6.96,-7.26,-1.57,1.6191527843475342
98,-6.96,-7.26,-1.57,1.620906114578247
99,-6.96,-7.45,-1.57,1.6218805313110352
100,-6.86,-7.26,-1.57,1.6241376399993896
101,-6.96,-7.45,-1.57,1.6247451305389404
102,-6.96,-7.45,-1.57,1.6270487308502197
103,-6.96,-7.45,-1.57,1.6298527717590332
104,-6.96,-7.26,-1.57,1.6302282810211182
105,-6.96,-7.45,-1.57,1.631913185119629
106,-6.96,-7.26,-1.57,1.6330716609954834
107,-6.96,-7.26,-1.57,1.634760856628418
108,-6.96,-7.26,-1.67,1.6369476318359375
109,-6.86,-7.26,-1.57,1.6379477977752686
110,-6.96,-7.45,-1.57,1.6405067443847656
111,-6.96,-7.45,-1.57,1.6405067443847656
112,-6.96,-7.45,-1.57,1.643702745437622
113,-6.96,-7.45,-1.57,1.645866870880127
114,-6.96,-7.26,-1.57,1.645866870880127
115,-6.96,-7.45,-1.57,1.6481153964996338
116,-6.86,-7.45,-1.57,1.6481153964996338
117,-6.96,-7.26,-1.57,1.6511402130126953
118,-6.96,-7.16,-1.57,1.653871774673462
119,-6.96,-7.26,-1.57,1.653871774673462
120,-6.96,-7.45,-1.57,1.6567530632019043
121,-6.96,-7.26,-1.57,1.6567530632019043
122,-6.96,-7.45,-1.57,1.6597962379455566
123,-6.96,-7.45,-1.57,1.662355899810791
124,-6.96,-7.45,-1.57,1.662355899810791
125,-6.96,-7.45,-1.57,1.66512131690979
126,-6.86,-7.45,-1.57,1.66512131690979
127,-6.96,-7.45,-1.57,1.6677565574645996
128,-6.96,-7.45,-1.57,1.6677565574645996
129,-6.96,-7.45,-1.57,1.670414686203003
130,-6.96,-7.26,-1.57,1.6733319759368896
131,-6.96,-7.45,-1.57,1.6753270626068115
132,-6.96,-7.26,-1.57,1.6763250827789307
133,-6.96,-7.26,-1.67,1.6763250827789307
134,-6.96,-7.16,-1.57,1.6785671710968018
135,-6.96,-7.26,-1.57,1.6810235977172852
136,-6.96,-7.26,-1.57,1.6810235977172852
137,-6.96,-7.45,-1.57,1.6834285259246826
138,-6.96,-7.45,-1.57,1.6844310760498047
139,-6.96,-7.45,-1.57,1.686727523803711
140,-6.96,-7.45,-1.57,1.689542293548584
141,-6.96,-7.45,-1.57,1.6900134086608887
142,-6.96,-7.26,-1.57,1.6920795440673828
143,-6.96,-7.45,-1.57,1.6920795440673828
144,-6.96,-7.45,-1.57,1.695061445236206
145,-6.96,-7.45,-1.57,1.6969568729400635
146,-6.96,-7.45,-1.57,1.697988748550415
147,-6.86,-7.26,-1.57,1.7006864547729492
148,-6.96,-7.45,-1.57,1.7010722160339355
149,-6.96,-7.45,-1.57,1.7029671669006348
150,-6.96,-7.45,-1.57,1.7049646377563477
151,-6.96,-7.45,-1.47,1.7061526775360107
152,-6.96,-7.26,-1.57,1.7086701393127441
153,-6.96,-7.26,-1.57,1.7086701393127441
154,-6.96,-7.45,-1.57,1.7114591598510742
155,-6.96,-7.45,-1.57,1.7138299942016602
156,-6.96,-7.45,-1.57,1.7138299942016602
157,-6.96,-7.45,-1.57,1.7166533470153809
158,-6.96,-7.45,-1.57,1.7166533470153809
159,-6.96,-7.45,-1.47,1.7205805778503418
160,-6.96,-7.45,-1.57,1.7205805778503418
161,-6.96,-7.45,-1.57,1.7218296527862549
162,-6.86,-7.45,-1.57,1.7247331142425537
163,-6.86,-7.45,-1.57,1.7253689765930176
164,-6.86,-7.45,-1.57,1.7270283699035645
165,-6.86,-7.45,-1.57,1.7270283699035645
166,-6.96,-7.45,-1.57,1.73054838180542
167,-6.96,-7.26,-1.57,1.732936143875122
168,-6.96,-7.45,-1.57,1.732936143875122
169,-6.86,-7.45,-1.57,1.735849142074585
170,-6.86,-7.26,-1.57,1.736663818359375
171,-6.86,-7.26,-1.57,1.7376646995544434
172,-6.86,-7.45,-1.57,1.7409586906433105
173,-6.96,-7.45,-1.57,1.7409586906433105
174,-6.86,-7.26,-1.57,1.7436676025390625
175,-6.96,-7.45,-1.57,1.7436676025390625
176,-6.96,-7.45,-1.57,1.7466380596160889
177,-6.86,-7.45,-1.57,1.7491519451141357
178,-6.86,-7.45,-1.47,1.7491519451141357
179,-6.86,-7.45,-1.57,1.7521543502807617
180,-6.86,-7.45,-1.57,1.7525265216827393
181,-6.86,-7.45,-1.57,1.7547492980957031
182,-6.96,-7.45,-1.57,1.756673812866211
183,-6.96,-7.26,-1.57,1.7575883865356445
184,-6.96,-7.45,-1.57,1.7603435516357422
185,-6.86,-7.45,-1.57,1.7603435516357422
186,-6.96,-7.45,-1.57,1.7631146907806396
187,-6.96,-7.26,-1.57,1.7655634880065918
188,-6.96,-7.45,-1.57,1.7677531242370605
189,-6.96,-7.26,-1.57,1.7681238651275635
190,-6.96,-7.45,-1.57,1.7681238651275635
191,-6.96,-7.45,-1.57,1.7706842422485352
192,-6.96,-7.45,-1.57,1.7706842422485352
193,-6.96,-7.45,-1.57,1.7735304832458496
194,-6.96,-7.45,-1.57,1.7762377262115479
195,-6.96,-7.45,-1.57,1.7768895626068115
196,-6.96,-7.45,-1.67,1.7793939113616943
197,-6.96,-7.45,-1.67,1.7793939113616943
198,-6.96,-7.45,-1.57,1.7823889255523682
199,-6.96,-7.26,-1.57,1.7847769260406494
200,-6.96,-7.45,-1.57,1.7847769260406494
201,-6.96,-7.45,-1.57,1.7866263389587402
202,-6.96,-7.45,-1.57,1.7876269817352295
203,-6.96,-7.45,-1.57,1.7903187274932861
204,-6.96,-7.45,-1.57,1.792872667312622
205,-6.96,-7.45,-1.57,1.792872667312622
206,-6.96,-7.45,-1.57,1.7954509258270264
207,-6.96,-7.16,-1.57,1.7954509258270264
208,-6.96,-7.45,-1.57,1.7986621856689453
209,-6.86,-7.45,-1.57,1.800652265548706
210,-6.96,-7.45,-1.47,1.800652265548706
211,-6.96,-7.45,-1.47,1.8033266067504883
212,-6.77,-7.45,-1.57,1.8033266067504883
213,-6.96,-7.26,-1.47,1.80604887008667
214,-6.96,-7.45,-1.57,1.808776617050171
215,-6.96,-7.45,-1.57,1.8092868328094482
216,-6.96,-7.26,-1.57,1.811575174331665
217,-6.96,-7.26,-1.57,1.811575174331665
218,-6.96,-7.45,-1.57,1.814570426940918
219,-6.77,-7.45,-1.57,1.8167469501495361
220,-6.96,-7.45,-1.57,1.8177478313446045
221,-6.96,-7.45,-1.57,1.820146083831787
222,-6.86,-7.26,-1.57,1.8205442428588867
223,-6.96,-7.16,-1.57,1.8227686882019043
224,-6.96,-7.45,-1.57,1.8227686882019043
225,-6.96,-7.45,-1.57,1.825523853302002
226,-6.96,-7.45,-1.57,1.8279914855957031
227,-6.96,-7.45,-1.57,1.8279914855957031
228,-6.96,-7.45,-1.57,1.8305728435516357
229,-6.96,-7.45,-1.57,1.8305728435516357
230,-6.96,-7.26,-1.57,1.8332993984222412
231,-6.96,-7.45,-1.57,1.8361141681671143
232,-6.96,-7.45,-1.57,1.8365943431854248
233,-6.96,-7.45,-1.57,1.8392016887664795
234,-6.96,-7.45,-1.57,1.8392016887664795
235,-6.96,-7.45,-1.57,1.841949701309204
236,-6.86,-7.26,-1.57,1.8444905281066895
237,-6.96,-7.26,-1.57,1.846755027770996
238,-6.96,-7.26,-1.57,1.846755027770996
239,-6.96,-7.45,-1.57,1.846755027770996
240,-6.96,-7.45,-1.57,1.8500158786773682
241,-6.96,-7.45,-1.57,1.8523821830749512
242,-6.96,-7.45,-1.57,1.85286283493042
243,-6.96,-7.45,-1.57,1.8552610874176025
244,-6.96,-7.45,-1.57,1.8552610874176025
245,-6.96,-7.45,-1.57,1.8581078052520752
246,-6.96,-7.26,-1.57,1.8608143329620361
247,-6.96,-7.45,-1.47,1.8608143329620361
248,-6.96,-7.45,-1.57,1.8634283542633057
249,-6.86,-7.26,-1.57,1.8634283542633057
250,-6.96,-7.45,-1.57,1.8663663864135742
251,-6.96,-7.26,-1.57,1.8684496879577637
252,-6.86,-7.45,-1.57,1.8691184520721436
253,-6.86,-7.45,-1.57,1.870898962020874
254,-6.96,-7.45,-1.57,1.8718986511230469
255,-6.96,-7.45,-1.57,1.8741767406463623
256,-6.96,-7.26,-1.57,1.8757350444793701
257,-6.96,-7.45,-1.57,1.876734972000122
258,-6.86,-7.45,-1.57,1.8795359134674072
259,-6.96,-7.26,-1.57,1.8795359134674072
260,-6.96,-7.45,-1.57,1.8821921348571777
261,-6.77,-7.45,-1.57,1.8821921348571777
262,-6.96,-7.45,-1.57,1.8848271369934082
263,-6.96,-7.45,-1.57,1.8875977993011475
264,-6.96,-7.45,-1.57,1.8875977993011475
265,-6.86,-7.45,-1.57,1.8909037113189697
266,-6.96,-7.45,-1.57,1.891901969909668
267,-6.96,-7.45,-1.57,1.8929293155670166
268,-6.96,-7.45,-1.57,1.8957343101501465
269,-6.96,-7.45,-1.57,1.8957343101501465
270,-6.96,-7.45,-1.57,1.8989567756652832
271,-6.96,-7.45,-1.57,1.8993279933929443
272,-6.96,-7.26,-1.57,1.9017367362976074
273,-6.96,-7.45,-1.57,1.9038493633270264
274,-6.96,-7.45,-1.57,1.9047269821166992
275,-6.96,-7.26,-1.57,1.9067251682281494
276,-6.96,-7.45,-1.57,1.9067251682281494
277,-6.96,-7.26,-1.57,1.9095969200134277
278,-6.96,-7.45,-1.57,1.9124646186828613
279,-6.96,-7.26,-1.57,1.9124646186828613
280,-6.96,-7.26,-1.57,1.9151222705841064
281,-6.96,-7.55,-1.57,1.9151222705841064
282,-6.86,-7.45,-1.57,1.9180951118469238
283,-6.86,-7.45,-1.57,1.9204072952270508
284,-6.86,-7.45,-1.57,1.9204072952270508
285,-6.77,-7.26,-1.57,1.9232618808746338
286,-6.96,-7.26,-1.57,1.9236562252044678
287,-6.96,-7.26,-1.57,1.9258687496185303
288,-6.96,-7.16,-1.57,1.9258687496185303
289,-6.96,-7.45,-1.57,1.929107427597046
290,-6.96,-7.26,-1.57,1.9316537380218506
291,-6.96,-7.45,-1.57,1.9320409297943115
292,-6.96,-7.45,-1.57,1.933941125869751
293,-6.96,-7.45,-1.57,1.9347259998321533
294,-6.96,-7.45,-1.57,1.937723159790039
295,-6.96,-7.45,-1.57,1.9387195110321045
296,-6.96,-7.45,-1.57,1.9400882720947266
297,-6.96,-7.45,-1.57,1.9424653053283691
298,-6.96,-7.45,-1.57,1.9424653053283691
299,-6.96,-7.45,-1.57,1.9448859691619873
300,-6.96,-7.45,-1.57,1.9477858543395996
301,-6.77,-7.45,-1.57,1.9477858543395996
302,-6.96,-7.45,-1.57,1.9500815868377686
303,-6.96,-7.45,-1.57,1.9500815868377686
304,-6.96,-7.45,-1.57,1.953627109527588
305,-6.96,-7.45,-1.57,1.9556376934051514
306,-6.96,-7.26,-1.57,1.9556376934051514
307,-6.96,-7.26,-1.57,1.9582972526550293
308,-6.96,-7.45,-1.57,1.9582972526550293
309,-6.96,-7.26,-1.57,1.9609220027923584
310,-6.96,-7.26,-1.57,1.963653326034546
311,-6.96,-7.26,-1.57,1.963653326034546
312,-6.96,-7.16,-1.57,1.9666547775268555
313,-6.86,-7.55,-1.57,1.9666547775268555
314,-6.96,-7.26,-1.57,1.969066858291626
315,-6.77,-7.26,-1.57,1.9718880653381348
316,-6.96,-7.26,-1.57,1.9718880653381348
317,-6.96,-7.26,-1.57,1.974729299545288
318,-6.96,-7.45,-1.57,1.974729299545288
319,-6.96,-7.45,-1.57,1.9774196147918701
320,-6.96,-7.26,-1.57,1.9774196147918701
321,-6.96,-7.45,-1.57,1.9806287288665771
322,-6.86,-7.45,-1.57,1.9833073616027832
323,-6.86,-7.45,-1.57,1.9853358268737793
324,-6.96,-7.45,-1.57,1.9853358268737793
325,-6.96,-7.26,-1.57,1.9863355159759521
326,-6.96,-7.45,-1.57,1.9883356094360352
327,-6.96,-7.45,-1.57,1.9908976554870605
328,-6.96,-7.45,-1.57,1.9914746284484863
329,-6.96,-7.45,-1.57,1.9937233924865723
330,-6.96,-7.26,-1.67,1.9937233924865723
331,-6.96,-7.26,-1.67,1.9966983795166016
332,-6.96,-7.26,-1.67,2.0000832080841064
333,-6.96,-7.26,-1.67,2.0014376640319824
334,-6.96,-7.45,-1.57,2.0014376640319824
335,-6.96,-7.45,-1.57,2.0024375915527344
336,-6.96,-7.45,-1.57,2.0047290325164795
337,-6.96,-7.45,-1.57,2.0072104930877686
338,-6.86,-7.45,-1.57,2.0072104930877686
339,-6.96,-7.26,-1.57,2.0102384090423584
340,-6.96,-7.45,-1.57,2.010591506958008
341,-6.86,-7.45,-1.57,2.0129215717315674
342,-6.96,-7.26,-1.57,2.014918088912964
343,-6.96,-7.45,-1.67,2.0160138607025146
344,-6.96,-7.45,-1.57,2.018526077270508
345,-6.96,-7.26,-1.57,2.018526077270508
346,-6.96,-7.26,-1.67,2.0207951068878174
347,-6.96,-7.45,-1.57,2.0237393379211426
348,-6.96,-7.26,-1.57,2.0237393379211426
349,-6.96,-7.26,-1.57,2.0263922214508057
350,-6.77,-7.26,-1.57,2.026834011077881
351,-6.96,-7.45,-1.57,2.029118061065674
352,-6.96,-7.16,-1.57,2.029118061065674
353,-6.96,-7.26,-1.57,2.0311450958251953
354,-6.86,-7.26,-1.57,2.0347163677215576
355,-6.96,-7.26,-1.57,2.0347163677215576
356,-6.96,-7.45,-1.57,2.0370919704437256
357,-6.96,-7.26,-1.57,2.0370919704437256
358,-6.96,-7.26,-1.57,2.0403385162353516
359,-6.96,-7.26,-1.57,2.042790412902832
360,-6.96,-7.45,-1.57,2.042790412902832
361,-6.86,-7.45,-1.57,2.044872283935547
362,-6.96,-7.45,-1.57,2.0468709468841553
363,-6.86,-7.45,-1.57,2.0478672981262207
364,-6.96,-7.45,-1.57,2.049862861633301
365,-6.96,-7.26,-1.57,2.0508599281311035
366,-6.96,-7.26,-1.57,2.052854299545288
367,-6.96,-7.45,-1.57,2.0538511276245117
368,-6.96,-7.45,-1.57,2.055845022201538
369,-6.96,-7.26,-1.57,2.0588371753692627
370,-6.96,-7.45,-1.57,2.0588371753692627
371,-6.96,-7.45,-1.57,2.0618293285369873
372,-6.96,-7.45,-1.57,2.062828540802002
373,-6.96,-7.26,-1.57,2.063825845718384
374,-6.86,-7.26,-1.57,2.066817283630371
375,-6.96,-7.26,-1.67,2.066817283630371
376,-6.96,-7.26,-1.57,2.0698163509368896
377,-6.96,-7.26,-1.57,2.0698163509368896
378,-6.96,-7.45,-1.57,2.0728859901428223
379,-6.96,-7.45,-1.57,2.07529616355896
380,-6.96,-7.45,-1.57,2.07529616355896
381,-6.96,-7.26,-1.57,2.0782291889190674
382,-6.96,-7.45,-1.57,2.079228401184082
383,-6.86,-7.45,-1.57,2.0805490016937256
384,-6.96,-7.45,-1.57,2.0811102390289307
385,-6.96,-7.45,-1.57,2.0832741260528564
386,-6.96,-7.45,-1.57,2.0861101150512695
387,-6.96,-7.45,-1.57,2.086843252182007
388,-6.96,-7.45,-1.57,2.0889079570770264
389,-6.96,-7.45,-1.57,2.0889079570770264
390,-6.77,-7.45,-1.57,2.091958522796631
391,-6.86,-7.45,-1.57,2.094273328781128
392,-6.86,-7.26,-1.57,2.094273328781128
393,-6.86,-7.45,-1.57,2.097055196762085
394,-6.86,-7.45,-1.57,2.097055196762085
395,-6.86,-7.45,-1.57,2.0997588634490967
396,-6.96,-7.45,-1.57,2.102558135986328
397,-6.86,-7.45,-1.57,2.102558135986328
398,-6.96,-7.45,-1.57,2.1054940223693848
399,-6.86,-7.45,-1.57,2.1054940223693848
400,-6.96,-7.45,-1.57,2.1090991497039795
401,-6.86,-7.45,-1.57,2.1104960441589355
402,-6.96,-7.45,-1.57,2.1104960441589355
403,-6.86,-7.45,-1.57,2.1132099628448486
404,-6.96,-7.45,-1.57,2.1132099628448486
405,-6.96,-7.45,-1.57,2.1159353256225586
406,-6.96,-7.26,-1.57,2.119067668914795
407,-6.96,-7.26,-1.67,2.1195881366729736
408,-6.96,-7.45,-1.57,2.1209099292755127
409,-6.96,-7.45,-1.57,2.121938467025757
410,-6.86,-7.45,-1.57,2.1236789226531982
411,-6.96,-7.45,-1.57,2.1269547939300537
412,-6.47,-7.16,-1.67,2.1275057792663574
413,-5.1,-6.77,-1.57,2.129913091659546
414,-3.73,-6.57,-1.67,2.129913091659546
415,-2.55,-6.37,-1.86,2.1326544284820557
416,-1.47,-5.39,-1.96,2.1326544284820557
417,-0.0,-5.0,-2.35,2.1354639530181885
418,2.35,-6.08,-2.65,2.137450933456421
419,5.59,-6.47,-2.16,2.138216972351074
420,6.37,-5.88,-2.35,2.1403424739837646
421,5.0,-5.49,-3.24,2.141223192214966
422,2.65,-5.39,-3.33,2.1431167125701904
423,0.59,-5.69,-3.53,2.1431167125701904
424,-0.88,-5.88,-3.63,2.1458399295806885
425,-2.06,-6.08,-4.02,2.148176670074463
426,-2.45,-6.18,-4.02,2.1491434574127197
427,-2.94,-6.18,-3.92,2.151496410369873
428,-3.73,-6.47,-3.82,2.151496410369873
429,-4.22,-6.86,-3.82,2.153644561767578
430,-4.61,-7.85,-3.63,2.1570992469787598
431,-5.3,-8.83,-3.82,2.1570992469787598
432,-5.98,-9.81,-3.82,2.15987491607666
433,-7.26,-10.3,-3.53,2.15987491607666
434,-10.59,-10.89,-2.94,2.1626811027526855
435,-12.94,-9.12,-2.35,2.1651172637939453
436,-9.02,-7.75,-2.26,2.165505886077881
437,-8.24,-8.63,-2.35,2.167760133743286
438,-8.63,-9.61,-2.35,2.167760133743286
439,-9.22,-10.2,-2.16,2.1703195571899414
440,-10.2,-9.9,-1.18,2.1733577251434326
441,-10.98,-9.81,-1.27,2.1733577251434326
442,-11.57,-10.2,-2.26,2.175654649734497
443,-11.18,-10.89,-1.96,2.1788320541381836
444,-10.89,-11.57,-2.16,2.1788320541381836
445,-10.3,-11.38,-2.26,2.1816539764404297
446,-9.9,-11.38,-2.16,2.1832492351531982
447,-9.81,-11.28,-2.26,2.1842496395111084
448,-9.22,-11.08,-2.26,2.1864559650421143
449,-8.53,-10.98,-2.35,2.1864559650421143
450,-8.24,-10.89,-2.35,2.189312219619751
451,-8.14,-10.4,-2.35,2.192039966583252
452,-7.85,-10.3,-2.55,2.192039966583252
453,-7.55,-9.9,-2.55,2.1950888633728027
454,-7.26,-9.61,-2.65,2.1978721618652344
455,-7.16,-9.51,-2.84,2.198457956314087
456,-6.96,-9.32,-2.65,2.20037579536438
457,-7.16,-9.22,-2.84,2.20037579536438
458,-6.96,-9.12,-2.84,2.2032289505004883
459,-6.96,-9.12,-2.84,2.205662250518799
460,-6.86,-9.12,-2.94,2.205662250518799
461,-6.86,-9.12,-2.94,2.207834482192993
462,-6.77,-9.12,-2.94,2.208834171295166
463,-6.77,-8.92,-2.94,2.211552381515503
464,-6.77,-8.92,-2.94,2.211552381515503
465,-6.77,-8.92,-2.84,2.2139205932617188
466,-6.57,-8.92,-2.94,2.2176787853240967
467,-6.86,-9.12,-2.94,2.218674421310425
468,-6.96,-9.22,-2.84,2.218674421310425
469,-7.26,-9.22,-2.94,2.2196714878082275
470,-7.55,-9.12,-2.84,2.222059965133667
471,-7.85,-8.92,-2.65,2.224823236465454
472,-8.24,-8.83,-2.94,2.225482225418091
473,-8.53,-8.63,-2.94,2.22782564163208
474,-8.63,-8.53,-2.84,2.22782564163208
475,-8.53,-8.53,-2.94,2.2306199073791504
476,-8.53,-8.63,-2.94,2.233405113220215
477,-8.53,-8.53,-2.84,2.2344040870666504
478,-8.34,-8.83,-2.84,2.235513210296631
479,-8.24,-8.63,-2.84,2.235513210296631
480,-8.24,-8.63,-2.84,2.2385075092315674
481,-8.14,-8.53,-2.84,2.2409732341766357
482,-7.85,-8.53,-2.84,2.2409732341766357
483,-7.94,-8.53,-2.94,2.243858814239502
484,-7.94,-8.63,-2.94,2.2447359561920166
485,-7.94,-8.83,-2.84,2.246201753616333
486,-7.85,-8.63,-2.84,2.249507188796997
487,-7.45,-8.53,-2.84,2.2507312297821045
488,-7.16,-8.53,-2.35,2.2521355152130127
489,-6.77,-8.24,-2.35,2.2521355152130127
490,-5.98,-8.43,-2.26,2.2547106742858887
491,-5.3,-8.53,-2.16,2.2575438022613525
492,-4.22,-8.53,-2.26,2.2579729557037354
493,-3.43,-8.63,-2.55,2.2604453563690186
494,-2.94,-8.63,-2.65,2.2604453563690186
495,-2.26,-8.24,-2.84,2.262861728668213
496,-1.77,-7.75,-2.84,2.2638630867004395
497,-1.57,-7.26,-2.84,2.265052318572998
498,-1.37,-6.77,-2.65,2.2680959701538086
499,-1.18,-6.47,-2.65,2.2680959701538086
500,-1.18,-6.18,-2.65,2.270801305770874
501,-1.37,-5.79,-2.65,2.270801305770874
502,-1.37,-5.49,-2.65,2.2737033367156982
503,-1.47,-5.39,-2.65,2.2766945362091064
504,-1.57,-5.1,-2.84,2.2766945362091064
505,-1.77,-5.1,-2.84,2.27947998046875
506,-1.86,-5.0,-2.84,2.2819507122039795
507,-1.86,-5.1,-2.84,2.2829511165618896
508,-2.16,-5.1,-2.65,2.2844367027282715
509,-2.26,-5.1,-2.65,2.284756660461426
510,-2.55,-5.2,-2.65,2.28717041015625
511,-2.84,-5.39,-2.55,2.28717041015625
512,-3.43,-5.49,-2.55,2.289707660675049
513,-3.82,-5.88,-2.35,2.2930827140808105
514,-4.51,-6.18,-2.35,2.2930827140808105
515,-5.1,-6.77,-2.35,2.2960243225097656
516,-6.28,-7.16,-2.26,2.2970240116119385
517,-7.26,-7.55,-2.16,2.298041343688965
518,-8.24,-8.24,-1.96,2.3007357120513916
519,-9.02,-8.83,-1.86,2.3007357120513916
520,-9.81,-9.22,-1.86,2.3036978244781494
521,-10.2,-9.9,-1.57,2.3036978244781494
522,-10.49,-10.4,-1.47,2.306145668029785
523,-10.59,-10.98,-1.18,2.309307813644409
524,-10.59,-11.57,-1.18,2.309307813644409
525,-10.49,-11.77,-0.88,2.312305450439453
526,-10.2,-11.77,-0.88,2.314297914505005
527,-9.9,-11.57,-0.88,2.314297914505005
528,-9.32,-10.98,-0.98,2.317591428756714
529,-9.02,-10.3,-1.18,2.317591428756714
530,-8.34,-9.61,-1.27,2.3203468322753906
531,-7.85,-8.83,-1.57,2.3227949142456055
532,-7.26,-8.14,-1.57,2.3227949142456055
533,-6.77,-7.26,-1.67,2.324964761734009
534,-6.28,-6.47,-1.67,2.324964761734009
535,-5.88,-5.88,-1.96,2.3279592990875244
536,-5.49,-5.39,-2.35,2.3310928344726562
537,-5.1,-5.0,-2.55,2.3314948081970215
538,-4.81,-4.81,-2.65,2.333594560623169
539,-4.51,-4.71,-2.65,2.333594560623169
540,-4.22,-4.71,-2.65,2.3364827632904053
541,-4.22,-4.71,-2.84,2.3390769958496094
542,-4.12,-4.81,-2.65,2.339538335800171
543,-3.92,-5.0,-2.65,2.341670274734497
544,-3.92,-5.1,-2.55,2.341670274734497
545,-4.12,-5.39,-2.35,2.344393253326416
546,-4.12,-5.69,-2.35,2.3470542430877686
547,-4.41,-5.88,-2.26,2.3476269245147705
548,-4.81,-6.18,-2.16,2.35017466545105
549,-5.2,-6.47,-2.16,2.35017466545105
550,-5.79,-6.77,-1.96,2.352912187576294
551,-5.98,-7.06,-1.96,2.355348587036133
552,-6.47,-7.26,-1.96,2.355348587036133
553,-6.77,-7.55,-1.96,2.3587217330932617
554,-7.26,-7.75,-1.86,2.3587217330932617
555,-7.55,-7.85,-1.86,2.3605358600616455
556,-7.85,-8.24,-1.86,2.363266706466675
557,-8.14,-8.43,-1.86,2.363266706466675
558,-8.24,-8.53,-1.67,2.36572527885437
559,-8.24,-8.83,-1.57,2.366619825363159
560,-8.24,-9.12,-1.67,2.3693606853485107
561,-7.94,-10.89,-0.98,2.3709449768066406
562,-7.94,-12.26,-0.49,2.371946096420288
563,-7.45,-12.26,-1.18,2.374264717102051
564,-6.57,-12.75,-0.88,2.374264717102051
565,-3.53,-13.04,-0.98,2.3773725032806396
566,-0.0,-12.36,-1.47,2.3799569606781006
567,1.96,-9.9,-2.16,2.3799569606781006
568,1.96,-6.57,-2.35,2.3827130794525146
569,0.78,-3.73,-2.35,2.3827130794525146
570,-1.08,-2.06,-2.55,2.3853604793548584
571,-2.75,-2.06,-2.84,2.3874876499176025
572,-3.73,-2.65,-2.84,2.3874876499176025
573,-3.92,-3.63,-2.84,2.390744686126709
574,-3.82,-4.41,-2.84,2.390744686126709
575,-3.53,-5.1,-2.65,2.393126964569092
576,-3.43,-5.88,-2.55,2.3959906101226807
577,-3.73,-7.06,-2.35,2.3964970111846924
578,-4.41,-8.14,-2.26,2.3991434574127197
579,-5.3,-9.12,-2.16,2.399766683578491
580,-6.28,-9.61,-2.26,2.4011590480804443
581,-6.96,-9.51,-2.26,2.4024322032928467
582,-7.26,-9.22,-2.55,2.404435157775879
583,-7.85,-8.63,-2.55,2.407106399536133
584,-8.24,-8.14,-2.55,2.407106399536133
585,-8.53,-7.85,-2.26,2.410100221633911
586,-8.53,-7.85,-2.26,2.410100221633911
587,-8.83,-7.85,-2.26,2.412713050842285
588,-8.92,-7.85,-2.26,2.414876699447632
589,-9.22,-7.94,-2.26,2.414876699447632
590,-9.22,-7.85,-2.26,2.4170610904693604
591,-8.92,-7.85,-2.26,2.418062448501587
592,-8.83,-7.85,-2.26,2.4203882217407227
593,-8.63,-7.94,-2.26,2.423344373703003
594,-8.34,-8.14,-2.26,2.423344373703003
595,-8.34,-8.43,-2.26,2.4258415699005127
596,-8.24,-8.63,-2.26,2.4258415699005127
597,-8.14,-8.83,-2.26,2.429020643234253
598,-7.94,-8.83,-2.35,2.4315829277038574
599,-7.65,-8.53,-2.35,2.4315829277038574
600,-7.45,-8.24,-2.55,2.434061050415039
601,-7.16,-7.94,-2.65,2.434699296951294
602,-6.96,-7.85,-2.65,2.4366841316223145
603,-6.77,-7.85,-2.65,2.4394519329071045
604,-6.57,-7.94,-2.65,2.4394519329071045
605,-6.47,-8.14,-2.55,2.4421732425689697
606,-6.47,-8.24,-2.55,2.4421732425689697
607,-6.28,-8.43,-2.55,2.4451870918273926
608,-6.47,-8.43,-2.55,2.4472713470458984
609,-6.18,-8.43,-2.55,2.4472713470458984
610,-6.18,-8.43,-2.55,2.4505627155303955
611,-6.18,-8.24,-2.55,2.4519121646881104
612,-6.18,-8.24,-2.55,2.452899217605591
613,-6.18,-8.14,-2.55,2.452899217605591
614,-6.18,-8.24,-2.55,2.4556329250335693
615,-6.18,-8.24,-2.65,2.458254814147949
616,-6.18,-8.24,-2.55,2.458254814147949
617,-6.18,-8.24,-2.55,2.4612514972686768
618,-6.18,-8.43,-2.55,2.4612514972686768
619,-6.28,-8.43,-2.35,2.4635775089263916
620,-6.28,-8.43,-2.35,2.4670512676239014
621,-6.57,-8.24,-2.35,2.4670512676239014
622,-6.86,-8.43,-2.55,2.469261407852173
623,-6.86,-8.24,-2.55,2.469261407852173
624,-6.86,-8.43,-2.65,2.4719645977020264
625,-6.86,-8.43,-2.55,2.4746994972229004
626,-6.86,-8.43,-2.55,2.4746994972229004
627,-6.86,-8.43,-2.55,2.477741003036499
628,-6.86,-8.53,-2.55,2.477741003036499
629,-6.77,-8.63,-2.55,2.480117082595825
630,-6.86,-8.83,-2.35,2.482844114303589
631,-6.86,-8.83,-2.35,2.482844114303589
632,-6.86,-8.83,-2.35,2.485658645629883
633,-6.86,-8.92,-2.55,2.485658645629883
634,-6.86,-9.12,-2.35,2.488638162612915
635,-6.86,-9.22,-2.26,2.490992307662964
636,-6.86,-9.61,-2.26,2.490992307662964
637,-6.96,-10.2,-1.96,2.4938852787017822
638,-7.45,-12.36,-1.47,2.494694948196411
639,-7.26,-13.44,-0.98,2.497915744781494
640,-7.55,-13.63,-0.98,2.499229907989502
641,-8.24,-13.14,-0.98,2.499229907989502
642,-8.92,-12.26,-0.98,2.5017940998077393
643,-9.22,-11.28,-1.57,2.5017940998077393
644,-9.02,-10.59,-1.96,2.5046467781066895
645,-8.83,-9.61,-2.26,2.506757974624634
646,-8.53,-8.53,-2.26,2.5077061653137207
647,-7.94,-7.55,-2.35,2.510422706604004
648,-7.55,-6.47,-2.84,2.5127954483032227
649,-6.96,-5.79,-3.04,2.5127954483032227
650,-6.57,-5.1,-3.24,2.5155820846557617
651,-6.18,-4.71,-3.33,2.5155820846557617
652,-5.79,-4.51,-3.33,2.5176405906677246
653,-5.3,-4.41,-3.53,2.518641948699951
654,-4.9,-4.41,-3.53,2.5207879543304443
655,-4.41,-4.51,-3.53,2.5237581729888916
656,-3.92,-4.71,-3.33,2.5237581729888916
657,-3.53,-5.0,-3.24,2.526007890701294
658,-3.24,-5.2,-3.04,2.5286946296691895
659,-2.84,-5.49,-2.94,2.5296943187713623
660,-2.45,-5.79,-2.65,2.531747341156006
661,-2.16,-6.18,-2.65,2.531747341156006
662,-1.77,-6.77,-2.55,2.5346853733062744
663,-1.77,-7.16,-2.16,2.5346853733062744
664,-1.77,-7.75,-1.86,2.5370566844940186
665,-1.86,-7.94,-1.67,2.5400619506835938
666,-2.06,-8.14,-1.67,2.5400619506835938
667,-2.16,-8.14,-1.57,2.5434250831604004
668,-2.45,-8.14,-1.57,2.5434250831604004
669,-2.84,-7.94,-1.47,2.545426368713379
670,-3.43,-7.85,-1.57,2.547966957092285
671,-4.12,-7.75,-1.57,2.547966957092285
672,-4.9,-7.55,-1.67,2.5510904788970947
673,-5.59,-7.55,-1.86,2.5510904788970947
674,-6.28,-7.55,-1.86,2.5536677837371826
675,-6.96,-7.75,-1.96,2.555760145187378
676,-7.65,-7.85,-1.96,2.556795358657837
677,-8.24,-7.94,-1.86,2.5593245029449463
678,-8.63,-8.24,-1.96,2.5593245029449463
679,-9.02,-8.53,-1.86,2.561652660369873
680,-9.02,-8.83,-1.67,2.5640664100646973
681,-9.22,-9.12,-1.57,2.564673900604248
682,-8.92,-9.32,-1.47,2.5672197341918945
683,-8.63,-9.51,-1.47,2.5672197341918945
684,-8.34,-9.51,-1.47,2.5703375339508057
685,-7.94,-9.32,-1.27,2.5703375339508057
686,-7.65,-9.22,-1.47,2.5723633766174316
687,-7.45,-9.12,-1.47,2.575512409210205
688,-7.16,-8.63,-1.47,2.575512409210205
689,-6.96,-8.43,-1.57,2.578425168991089
690,-6.77,-7.94,-1.67,2.578425168991089
691,-6.47,-7.55,-1.86,2.58107852935791
692,-6.28,-7.16,-1.86,2.5836265087127686
693,-6.18,-6.77,-1.96,2.5836265087127686
694,-5.88,-6.37,-2.26,2.586230516433716
695,-5.88,-6.08,-2.35,2.586230516433716
696,-5.79,-5.88,-2.26,2.589634895324707
697,-5.59,-5.69,-2.35,2.5915608406066895
698,-5.79,-5.69,-2.35,2.5915608406066895
699,-5.79,-5.69,-2.35,2.5941050052642822
700,-5.79,-5.69,-2.35,2.5947067737579346
701,-5.79,-5.79,-2.35,2.5968754291534424
702,-5.88,-5.88,-2.26,2.600224256515503
703,-5.88,-6.18,-2.26,2.600853443145752
704,-5.88,-6.47,-2.16,2.602590560913086
705,-5.98,-6.77,-2.16,2.602590560913086
706,-5.98,-6.86,-1.96,2.605609893798828
707,-5.98,-7.06,-1.96,2.608156442642212
708,-5.98,-7.26,-1.86,2.608156442642212
709,-6.18,-7.55,-1.86,2.6110427379608154
710,-6.28,-7.75,-1.86,2.6110427379608154
711,-6.47,-7.75,-1.96,2.6135337352752686
712,-6.57,-7.85,-1.67,2.6160054206848145
713,-6.77,-7.85,-1.86,2.6160054206848145
714,-6.96,-7.94,-1.86,2.620811700820923
715,-6.96,-8.14,-1.67,2.621971845626831
716,-7.16,-8.24,-1.67,2.621971845626831
717,-7.26,-8.24,-1.86,2.621971845626831
718,-7.16,-9.12,-1.57,2.6241509914398193
719,-6.57,-10.0,-0.98,2.6270601749420166
720,-6.28,-10.3,-1.27,2.6270601749420166
721,-5.3,-9.9,-1.57,2.6292407512664795
722,-2.55,-9.32,-1.86,2.6325414180755615
723,1.67,-9.22,-2.55,2.6325414180755615
724,6.57,-8.53,-2.94,2.636009931564331
725,9.71,-7.06,-3.04,2.636009931564331
726,9.71,-4.81,-3.24,2.637349843978882
727,7.06,-2.65,-3.04,2.6383535861968994
728,3.04,-1.08,-2.94,2.640231132507324
729,-0.88,-1.08,-3.24,2.641124725341797
730,-4.12,-2.26,-3.53,2.643186330795288
731,-5.59,-3.63,-3.53,2.6461751461029053
732,-5.88,-5.0,-3.82,2.6465604305267334
733,-6.28,-6.47,-3.33,2.6487631797790527
734,-6.86,-8.24,-2.84,2.6487631797790527
735,-7.55,-10.4,-2.26,2.6522679328918457
736,-8.34,-12.26,-2.16,2.6540169715881348
737,-9.22,-13.04,-2.16,2.654648542404175
738,-9.32,-12.65,-2.26,2.6562421321868896
739,-9.32,-11.67,-2.35,2.6595094203948975
740,-9.22,-10.3,-2.55,2.660147190093994
741,-8.92,-8.92,-2.55,2.6622369289398193
742,-8.92,-8.53,-2.55,2.6622369289398193
743,-8.92,-8.83,-2.35,2.666700601577759
744,-9.32,-9.51,-2.55,2.6681108474731445
745,-10.0,-10.4,-2.35,2.6681108474731445
746,-10.59,-11.08,-2.16,2.6706488132476807
747,-10.69,-10.98,-2.16,2.6719777584075928
748,-10.3,-10.59,-2.16,2.6735520362854004
749,-9.51,-10.0,-2.16,2.6760785579681396
750,-8.83,-9.51,-2.16,2.6768789291381836
751,-8.14,-9.32,-2.26,2.678785562515259
752,-7.55,-9.32,-2.35,2.682039260864258
753,-7.16,-9.32,-2.35,2.6830356121063232
754,-6.77,-9.32,-2.35,2.684035301208496
755,-6.47,-9.32,-2.35,2.684035301208496
756,-6.28,-9.12,-2.55,2.686326742172241
757,-6.18,-8.92,-2.55,2.6893997192382812
758,-6.18,-8.83,-2.65,2.6893997192382812
759,-6.18,-8.63,-2.55,2.691701650619507
760,-6.28,-8.83,-2.55,2.692706346511841
761,-6.47,-8.83,-2.84,2.6947860717773438
762,-6.57,-8.92,-2.55,2.6975672245025635
763,-6.57,-9.12,-2.55,2.6975672245025635
764,-6.57,-9.22,-2.55,2.7002522945404053
765,-6.57,-9.22,-2.55,2.7002522945404053
766,-6.47,-9.51,-2.55,2.7027182579040527
767,-6.47,-9.32,-2.55,2.7057268619537354
768,-6.28,-9.22,-2.55,2.7057268619537354
769,-6.28,-9.12,-2.55,2.708876848220825
770,-6.28,-8.83,-2.65,2.708876848220825
771,-6.28,-8.63,-2.55,2.712744951248169
772,-6.28,-8.63,-2.65,2.712744951248169
773,-6.28,-8.53,-2.55,2.7137701511383057
774,-6.28,-8.53,-2.55,2.7163467407226562
775,-6.47,-8.63,-2.35,2.7163467407226562
776,-6.57,-8.63,-2.55,2.719353437423706
777,-6.57,-8.83,-2.55,2.719353437423706
778,-6.57,-8.83,-2.55,2.7221336364746094
779,-6.57,-8.83,-2.55,2.7247886657714844
780,-6.77,-8.83,-2.55,2.7247886657714844
781,-6.86,-8.92,-2.55,2.7280280590057373
782,-6.96,-8.83,-2.55,2.7283644676208496
783,-7.16,-8.63,-2.35,2.7301414012908936
784,-7.45,-8.53,-2.55,2.732182741165161
785,-7.45,-8.43,-2.55,2.733186721801758
786,-7.26,-8.24,-2.55,2.7358176708221436
787,-7.16,-8.14,-2.55,2.7358176708221436
788,-6.96,-8.14,-2.55,2.7387168407440186
789,-6.86,-8.14,-2.55,2.741136312484741
790,-6.86,-8.14,-2.55,2.741136312484741
791,-6.96,-7.94,-2.65,2.7433831691741943
792,-6.96,-7.85,-2.55,2.7443833351135254
793,-7.16,-7.94,-2.65,2.746427059173584
794,-7.16,-7.94,-2.65,2.748701572418213
795,-7.26,-7.85,-2.94,2.749772548675537
796,-7.85,-8.14,-3.33,2.7523396015167236
797,-8.24,-7.45,-3.24,2.7523396015167236
798,-8.24,-6.86,-2.84,2.754671096801758
799,-8.24,-6.77,-2.94,2.7590205669403076
800,-7.85,-6.57,-2.94,2.7598824501037598
801,-6.96,-6.37,-2.94,2.7598824501037598
802,-6.28,-6.47,-2.84,2.7598824501037598
803,-5.49,-6.57,-2.65,2.7627522945404053
804,-4.81,-6.77,-2.84,2.7627522945404053
805,-4.12,-6.77,-2.65,2.7655038833618164
806,-3.73,-6.77,-2.84,2.768738269805908
807,-3.43,-6.77,-2.55,2.7691216468811035
808,-2.94,-6.77,-2.55,2.7709224224090576
809,-2.55,-6.86,-2.55,2.7719223499298096
810,-2.45,-7.06,-2.35,2.7735509872436523
811,-2.26,-7.26,-2.16,2.776545286178589
812,-2.06,-7.55,-2.26,2.776545286178589
813,-1.77,-8.14,-2.16,2.779435396194458
814,-1.77,-8.43,-1.86,2.779813528060913
815,-1.77,-8.63,-1.57,2.781952381134033
816,-1.86,-8.92,-1.57,2.7849206924438477
817,-1.86,-8.92,-1.47,2.7852864265441895
818,-1.86,-8.83,-1.27,2.7875490188598633
819,-2.16,-8.83,-1.27,2.7875490188598633
820,-2.75,-8.53,-1.47,2.790393352508545
821,-3.24,-8.24,-1.57,2.7930736541748047
822,-4.12,-8.14,-1.67,2.7930736541748047
823,-5.1,-7.85,-1.86,2.795635223388672
824,-5.98,-7.85,-1.96,2.7962875366210938
825,-6.86,-7.75,-1.96,2.7985949516296387
826,-7.55,-7.55,-1.96,2.8011879920959473
827,-8.14,-7.75,-2.16,2.8015410900115967
828,-8.53,-7.75,-2.16,2.804469108581543
829,-8.63,-7.94,-2.16,2.805468797683716
830,-8.83,-8.24,-1.96,2.8064990043640137
831,-8.83,-8.53,-1.86,2.8090474605560303
832,-8.63,-8.83,-1.67,2.8090474605560303
833,-8.34,-8.92,-1.67,2.8116977214813232
834,-8.14,-9.22,-1.57,2.8116977214813232
835,-7.85,-9.22,-1.57,2.8146424293518066
836,-7.55,-9.12,-1.57,2.8151793479919434
837,-7.26,-8.92,-1.57,2.8177382946014404
838,-7.16,-8.63,-1.57,2.820387363433838
839,-6.96,-8.43,-1.67,2.820387363433838
840,-6.86,-8.14,-1.86,2.822596788406372
841,-6.57,-7.75,-1.96,2.822596788406372
842,-6.47,-7.26,-1.96,2.8256335258483887
843,-6.28,-6.86,-1.96,2.8284218311309814
844,-6.18,-6.57,-2.26,2.8284218311309814
845,-5.98,-6.18,-2.26,2.8312087059020996
846,-5.88,-5.88,-2.35,2.8312087059020996
847,-5.79,-5.79,-2.55,2.833730936050415
848,-5.59,-5.79,-2.55,2.8361306190490723
849,-5.49,-7.06,-2.26,2.8361306190490723
850,-5.49,-7.85,-1.86,2.8392951488494873
851,-5.59,-8.53,-1.67,2.8392951488494873
852,-5.88,-8.83,-1.67,2.8421099185943604
853,-5.59,-9.22,-1.47,2.8446595668792725
854,-4.22,-10.2,-1.57,2.8450512886047363
855,-1.47,-11.38,-1.47,2.84700870513916
856,1.86,-10.4,-1.86,2.847754716873169
857,3.92,-8.83,-2.55,2.849738121032715
858,4.51,-6.86,-2.55,2.852540969848633
859,3.92,-5.1,-2.65,2.852540969848633
860,2.55,-4.02,-3.04,2.8551723957061768
861,0.88,-3.63,-3.33,2.8551723957061768
862,-0.39,-3.82,-3.33,2.857915163040161
863,-1.08,-4.31,-3.53,2.857915163040161
864,-0.88,-4.81,-3.53,2.8612565994262695
865,-0.49,-5.39,-3.53,2.863523006439209
866,-0.1,-6.08,-3.24,2.863523006439209
867,-0.0,-7.06,-3.24,2.8660974502563477
868,-0.49,-7.85,-3.82,2.8670976161956787
869,-1.47,-8.92,-3.92,2.869279623031616
870,-2.26,-9.9,-3.82,2.870915174484253
871,-2.75,-10.3,-3.82,2.871915578842163
872,-2.45,-10.3,-3.92,2.8746562004089355
873,-2.26,-9.32,-3.33,2.8750882148742676
874,-2.84,-7.85,-1.67,2.8774917125701904
875,-3.92,-6.47,-1.96,2.879833936691284
876,-4.9,-6.37,-3.53,2.879833936691284
877,-5.98,-7.75,-3.92,2.881831407546997
878,-7.45,-9.12,-3.33,2.8828279972076416
879,-8.83,-10.2,-3.24,2.8850951194763184
880,-9.9,-10.69,-3.24,2.8875436782836914
881,-10.2,-10.89,-3.24,2.8875436782836914
882,-10.89,-10.59,-2.94,2.890535831451416
883,-12.75,-10.4,-2.94,2.893609046936035
884,-10.69,-10.69,-3.24,2.893609046936035
885,-8.83,-10.89,-3.04,2.895754337310791
886,-8.83,-10.59,-2.94,2.897602081298828
887,-9.32,-10.59,-3.04,2.8986382484436035
888,-9.32,-10.3,-2.94,2.901637554168701
889,-9.32,-10.3,-2.94,2.9023890495300293
890,-9.32,-10.4,-2.94,2.9037325382232666
891,-9.22,-10.4,-2.65,2.9072418212890625
892,-8.92,-10.4,-2.65,2.9072418212890625
893,-8.53,-10.3,-2.65,2.9099936485290527
894,-8.24,-10.2,-2.65,2.910442352294922
895,-7.85,-10.2,-2.94,2.91272234916687
896,-7.45,-10.3,-2.84,2.9146647453308105
897,-6.86,-10.3,-2.84,2.915663957595825
898,-6.57,-10.3,-2.84,2.9177207946777344
899,-6.28,-10.3,-2.94,2.9204423427581787
900,-5.98,-10.3,-2.94,2.9204423427581787
901,-5.88,-10.0,-2.94,2.923630475997925
902,-5.79,-10.0,-2.94,2.923630475997925
903,-5.59,-9.9,-2.94,2.925610065460205
904,-5.59,-9.81,-3.04,2.928605318069458
905,-5.79,-9.81,-3.04,2.928605318069458
906,-5.79,-9.81,-3.04,2.931784152984619
907,-5.79,-9.61,-3.04,2.931784152984619
908,-5.79,-9.61,-3.04,2.9346673488616943
909,-5.79,-9.51,-3.04,2.937307596206665
910,-5.79,-9.51,-3.04,2.937307596206665
911,-5.79,-9.51,-3.04,2.9399712085723877
912,-5.79,-9.61,-3.04,2.9399712085723877
913,-5.79,-9.61,-2.94,2.9422085285186768
914,-5.79,-9.51,-2.94,2.9446358680725098
915,-5.79,-9.51,-2.94,2.9446358680725098
916,-5.79,-9.32,-2.84,2.9476170539855957
917,-5.79,-9.32,-2.94,2.948460578918457
918,-5.79,-9.22,-3.04,2.95085072517395
919,-5.88,-9.22,-3.04,2.953552722930908
920,-5.88,-9.32,-3.04,2.953552722930908
921,-5.88,-9.32,-3.04,2.9556894302368164
922,-5.79,-9.22,-3.24,2.9556894302368164
923,-5.59,-9.32,-3.53,2.960357904434204
924,-5.49,-9.51,-3.24,2.96083927154541
925,-5.3,-9.51,-3.04,2.96083927154541
926,-5.2,-9.51,-3.24,2.963876962661743
927,-5.1,-9.32,-3.04,2.963876962661743
928,-5.1,-9.12,-3.04,2.96700119972229
929,-5.1,-9.12,-3.24,2.9698078632354736
930,-5.1,-9.12,-3.04,2.9701948165893555
931,-5.1,-9.22,-3.24,2.972156524658203
932,-5.1,-9.22,-3.04,2.972156524658203
933,-5.1,-9.12,-3.04,2.9754207134246826
934,-4.81,-8.92,-3.04,2.9774904251098633
935,-4.81,-8.83,-3.04,2.9774904251098633
936,-4.81,-8.83,-3.04,2.9801909923553467
937,-4.61,-8.63,-2.94,2.9801909923553467
938,-4.51,-8.43,-2.94,2.9829225540161133
939,-4.41,-8.14,-2.94,2.9829225540161133
940,-4.41,-7.94,-2.94,2.985635757446289
941,-4.22,-7.94,-2.94,2.9876341819763184
942,-4.12,-7.94,-2.84,2.9886302947998047
943,-4.12,-7.94,-2.84,2.99079966545105
944,-4.12,-7.85,-2.84,2.9917986392974854
945,-4.12,-7.75,-2.84,2.9937920570373535
946,-4.12,-7.85,-2.84,2.9969255924224854
947,-4.22,-7.85,-2.65,2.9969255924224854
948,-4.22,-7.94,-2.65,2.999725103378296
949,-4.22,-7.85,-2.65,3.0001158714294434
950,-4.22,-7.85,-2.65,3.0024526119232178
951,-4.12,-7.94,-2.65,3.0060441493988037
952,-4.12,-7.85,-2.55,3.0060441493988037
953,-3.92,-7.75,-2.55,3.007366418838501
954,-3.92,-7.55,-2.55,3.007366418838501
955,-4.12,-7.55,-2.55,3.010091543197632
956,-4.12,-7.55,-2.55,3.012822389602661
957,-4.22,-7.75,-2.35,3.012822389602661
958,-4.22,-7.75,-2.35,3.015711545944214
959,-4.12,-7.85,-2.55,3.015711545944214
960,-4.12,-7.94,-2.55,3.0176327228546143
961,-4.12,-8.24,-2.55,3.0216243267059326
962,-4.12,-8.43,-2.35,3.0216243267059326
963,-4.22,-8.53,-2.35,3.0238654613494873
964,-4.51,-8.63,-2.35,3.0238654613494873
965,-4.61,-8.43,-2.26,3.0269200801849365
966,-4.61,-8.43,-2.26,3.029474973678589
967,-4.51,-8.43,-2.35,3.0298519134521484
968,-4.41,-8.43,-2.26,3.031654119491577
969,-4.41,-8.24,-2.35,3.031654119491577
970,-4.41,-8.14,-2.35,3.0346548557281494
971,-4.41,-8.14,-2.26,3.0346548557281494
972,-4.41,-8.14,-2.26,3.038198232650757
973,-4.41,-8.14,-2.26,3.0404860973358154
974,-4.22,-8.14,-2.26,3.0404860973358154
975,-4.22,-8.14,-2.26,3.0432212352752686
976,-4.12,-7.94,-2.35,3.0435967445373535
977,-4.12,-7.94,-2.26,3.045661449432373
978,-4.12,-7.85,-2.16,3.0479788780212402
979,-4.22,-7.75,-2.26,3.0488178730010986
980,-4.22,-7.55,-2.26,3.0510432720184326
981,-4.22,-7.55,-2.26,3.0510432720184326
982,-4.12,-7.55,-2.26,3.0538575649261475
983,-4.12,-7.55,-2.26,3.0563015937805176
984,-4.12,-7.75,-2.26,3.0563015937805176
985,-4.12,-7.75,-2.26,3.059288740158081
986,-3.82,-7.85,-2.26,3.0597145557403564
987,-3.73,-7.75,-2.26,3.062286138534546
988,-3.73,-7.75,-2.26,3.0646016597747803
989,-3.82,-7.55,-2.26,3.0646016597747803
990,-3.92,-7.55,-2.26,3.0673234462738037
991,-3.92,-7.75,-2.35,3.0678181648254395
992,-4.12,-7.85,-2.35,3.069964647293091
993,-4.12,-7.85,-2.35,3.0730481147766113
994,-3.92,-7.85,-2.35,3.073469877243042
995,-3.92,-7.85,-2.55,3.075754165649414
996,-3.92,-8.14,-2.55,3.075754165649414
997,-4.12,-8.14,-2.35,3.0778865814208984
998,-4.12,-8.24,-2.35,3.0811381340026855
999,-4.12,-8.24,-2.55,3.0811381340026855
1000,-3.92,-8.24,-2.55,3.0832772254943848
1001,-3.82,-8.14,-2.55,3.085345506668091
1002,-3.73,-8.14,-2.65,3.0859243869781494
1003,-3.53,-8.14,-2.65,3.0869245529174805
1004,-3.53,-8.14,-2.65,3.0889174938201904
1005,-3.53,-8.14,-2.84,3.0916666984558105
1006,-3.73,-8.24,-2.84,3.0916666984558105
1007,-3.82,-8.43,-2.65,3.0946600437164307
1008,-3.73,-8.43,-2.84,3.0951123237609863
1009,-3.73,-8.43,-2.84,3.0976362228393555
1010,-3.73,-8.53,-2.84,3.100933313369751
1011,-3.82,-8.63,-3.04,3.1019341945648193
1012,-4.12,-9.22,-3.24,3.1019341945648193
1013,-4.61,-9.9,-2.94,3.1029295921325684
1014,-4.9,-10.0,-2.84,3.105299472808838
1015,-5.2,-9.9,-2.84,3.107304334640503
1016,-5.3,-9.81,-2.84,3.108297348022461
1017,-5.49,-9.61,-2.84,3.111131429672241
1018,-5.79,-9.81,-2.65,3.1115338802337646
1019,-6.18,-9.81,-2.65,3.113589286804199
1020,-6.57,-9.9,-2.84,3.1163580417633057
1021,-6.86,-9.9,-2.84,3.1163580417633057
1022,-6.96,-9.81,-2.65,3.119293451309204
1023,-6.96,-9.61,-2.55,3.119293451309204
1024,-7.16,-9.51,-2.55,3.1219706535339355
1025,-7.16,-9.61,-2.55,3.1243934631347656
1026,-7.16,-9.32,-1.96,3.1250298023223877
1027,-7.26,-9.12,-1.96,3.1274349689483643
1028,-7.45,-9.12,-2.35,3.127824544906616
1029,-7.45,-9.22,-2.35,3.129840135574341
1030,-7.45,-9.32,-2.55,3.132490396499634
1031,-7.55,-9.51,-2.55,3.132490396499634
1032,-7.65,-9.61,-2.55,3.1352503299713135
1033,-7.65,-9.81,-2.35,3.1352503299713135
1034,-7.65,-9.81,-2.55,3.1373987197875977
1035,-7.85,-9.81,-2.55,3.1407437324523926
1036,-7.55,-9.81,-2.55,3.1407437324523926
1037,-7.45,-9.61,-2.55,3.1436259746551514
1038,-7.16,-9.61,-2.55,3.1436259746551514
1039,-6.86,-9.51,-2.55,3.1468591690063477
1040,-6.77,-9.51,-2.65,3.1468591690063477
1041,-6.57,-9.32,-2.65,3.148716449737549
1042,-6.47,-9.22,-2.65,3.151418447494507
1043,-6.47,-9.22,-2.65,3.151418447494507
1044,-6.28,-9.32,-2.94,3.154463768005371
1045,-6.28,-9.32,-2.65,3.154463768005371
1046,-6.47,-9.32,-2.65,3.1574199199676514
1047,-6.28,-9.32,-2.65,3.159759044647217
1048,-6.18,-9.22,-2.55,3.159759044647217
1049,-6.18,-9.12,-2.65,3.1623165607452393
1050,-6.28,-8.92,-2.65,3.1623165607452393
1051,-6.28,-8.83,-2.65,3.1650171279907227
1052,-6.18,-8.63,-2.65,3.167043924331665
1053,-6.18,-8.53,-2.84,3.168013572692871
1054,-5.98,-8.43,-2.94,3.1706762313842773
1055,-5.98,-8.53,-3.04,3.1706762313842773
1056,-5.98,-8.53,-2.94,3.1735053062438965
1057,-5.88,-8.53,-2.94,3.1765005588531494
1058,-5.59,-8.53,-2.94,3.1765005588531494
1059,-5.49,-8.53,-2.94,3.179100513458252
1060,-5.3,-8.43,-2.94,3.179100513458252
1061,-5.2,-8.43,-2.94,3.181852102279663
1062,-5.1,-8.43,-2.84,3.183997392654419
1063,-4.9,-8.43,-2.84,3.183997392654419
1064,-4.81,-8.24,-2.84,3.187208890914917
1065,-4.51,-8.24,-2.84,3.187208890914917
1066,-4.22,-8.14,-2.84,3.189638137817383
1067,-4.12,-8.14,-2.84,3.1919476985931396
1068,-3.92,-7.94,-2.84,3.1926674842834473
1069,-4.12,-7.94,-2.84,3.194953680038452
1070,-3.92,-8.14,-2.84,3.1955835819244385
1071,-3.82,-8.24,-2.84,3.197131633758545
1072,-3.73,-8.24,-2.84,3.1981310844421387
1073,-3.82,-8.24,-2.65,3.2009098529815674
1074,-3.73,-8.24,-2.65,3.2034661769866943
1075,-3.73,-8.14,-2.65,3.2034661769866943
1076,-3.73,-7.94,-2.55,3.205587148666382
1077,-3.73,-7.94,-2.65,3.206461191177368
1078,-3.73,-7.75,-2.55,3.2089271545410156
1079,-3.82,-7.75,-2.65,3.210923910140991
1080,-3.82,-7.55,-2.55,3.210923910140991
1081,-3.82,-7.55,-2.55,3.2135508060455322
1082,-3.92,-7.55,-2.55,3.2135508060455322
1083,-4.12,-7.55,-2.55,3.21665096282959
1084,-4.22,-7.75,-2.35,3.2193453311920166
1085,-4.22,-7.75,-2.35,3.2193453311920166
1086,-4.22,-7.85,-2.35,3.2215816974639893
1087,-4.41,-7.85,-2.35,3.223576784133911
1088,-4.51,-7.94,-2.35,3.224573850631714
1089,-4.61,-8.14,-2.35,3.2275664806365967
1090,-4.81,-7.94,-2.26,3.2275664806365967
1091,-5.1,-7.94,-2.26,3.2296063899993896
1092,-5.2,-8.14,-2.26,3.230605363845825
1093,-5.3,-8.14,-2.35,3.2332184314727783
1094,-5.49,-8.43,-2.35,3.2356297969818115
1095,-5.49,-8.53,-2.35,3.2356297969818115
1096,-5.59,-8.63,-2.35,3.238659620285034
1097,-5.88,-8.63,-2.26,3.2394752502441406
1098,-5.88,-8.92,-2.26,3.2404749393463135
1099,-5.98,-8.92,-2.26,3.24346661567688
1100,-5.88,-8.92,-2.26,3.24346661567688
1101,-5.79,-8.92,-2.26,3.2464585304260254
1102,-5.59,-9.61,-2.16,3.2464585304260254
1103,-5.79,-10.4,-1.86,3.249450206756592
1104,-5.2,-10.3,-1.86,3.251445770263672
1105,-5.1,-10.0,-1.86,3.2524430751800537
1106,-4.9,-9.22,-1.96,3.254437208175659
1107,-4.51,-8.53,-2.16,3.254437208175659
1108,-3.82,-7.94,-2.26,3.2574303150177
1109,-3.24,-7.26,-2.35,3.260005235671997
1110,-2.94,-6.77,-2.55,3.260005235671997
1111,-2.84,-6.47,-2.65,3.2625083923339844
1112,-2.94,-6.37,-2.65,3.263509750366211
1113,-3.43,-6.37,-2.55,3.265531063079834
1114,-3.53,-6.77,-2.65,3.267577886581421
1115,-3.73,-7.16,-2.55,3.2685787677764893
1116,-3.82,-7.55,-2.55,3.2706780433654785
1117,-3.92,-7.94,-2.55,3.2717673778533936
1118,-3.92,-8.24,-2.35,3.27376127243042
1119,-3.73,-8.53,-2.26,3.27376127243042
1120,-3.53,-8.53,-2.26,3.277128219604492
1121,-3.53,-8.43,-2.26,3.279700517654419
1122,-3.53,-8.24,-2.35,3.280092239379883
1123,-3.53,-8.24,-2.35,3.2820823192596436
1124,-3.43,-8.24,-2.55,3.2846803665161133
1125,-3.24,-8.53,-2.65,3.2856786251068115
1126,-3.24,-8.63,-2.55,3.2866756916046143
1127,-3.14,-8.83,-2.35,3.287673234939575
1128,-3.14,-8.83,-2.55,3.29006290435791
1129,-3.14,-8.83,-2.55,3.29006290435791
1130,-3.14,-8.83,-2.55,3.292792320251465
1131,-2.94,-8.92,-2.55,3.2957260608673096
1132,-2.84,-9.12,-2.65,3.2957260608673096
1133,-2.84,-9.12,-2.65,3.2987563610076904
1134,-2.75,-9.12,-2.65,3.2987563610076904
1135,-2.55,-9.12,-2.65,3.301584005355835
1136,-2.45,-9.22,-2.84,3.303603172302246
1137,-2.26,-9.12,-2.65,3.3046069145202637
1138,-2.26,-9.22,-2.84,3.306832790374756
1139,-2.26,-9.22,-2.84,3.306832790374756
1140,-2.75,-9.61,-3.33,3.3099634647369385
1141,-3.43,-10.3,-3.33,3.3114471435546875
1142,-3.82,-10.69,-3.04,3.312448024749756
1143,-4.12,-10.69,-2.94,3.3144423961639404
1144,-4.61,-10.4,-2.94,3.3144423961639404
1145,-5.1,-10.3,-3.04,3.3174335956573486
1146,-5.49,-10.3,-3.24,3.3204729557037354
1147,-5.79,-10.3,-3.24,3.3204729557037354
1148,-5.98,-10.2,-2.94,3.3232617378234863
1149,-6.57,-10.0,-2.94,3.3258891105651855
1150,-6.77,-9.9,-2.94,3.3258891105651855
1151,-6.86,-9.61,-2.35,3.328284502029419
1152,-6.86,-8.83,-1.96,3.3304049968719482
1153,-6.96,-8.53,-2.65,3.331536293029785
1154,-7.16,-8.63,-2.94,3.3335423469543457
1155,-7.26,-8.83,-2.65,3.3335423469543457
1156,-7.55,-8.92,-2.65,3.336540699005127
1157,-7.65,-9.12,-2.84,3.336540699005127
1158,-7.65,-9.32,-2.84,3.338808059692383
1159,-7.55,-9.51,-2.84,3.341691255569458
1160,-7.45,-9.32,-2.84,3.341691255569458
1161,-7.45,-9.51,-2.65,3.3438146114349365
1162,-7.26,-9.51,-2.84,3.344686985015869
1163,-7.16,-9.51,-2.65,3.3475959300994873
1164,-7.16,-9.51,-2.65,3.3475959300994873
1165,-7.16,-9.51,-2.65,3.3502261638641357
1166,-6.96,-9.51,-2.84,3.352968215942383
1167,-6.96,-9.32,-2.84,3.352968215942383
1168,-6.96,-9.22,-2.84,3.3555023670196533
1169,-6.77,-9.22,-2.84,3.3561501502990723
1170,-6.77,-9.22,-2.84,3.358161449432373
1171,-6.57,-9.22,-2.84,3.3609986305236816
1172,-6.47,-9.12,-2.84,3.3609986305236816
1173,-5.98,-9.12,-2.84,3.3634445667266846
1174,-5.88,-8.92,-2.84,3.3634445667266846
1175,-5.79,-8.92,-2.84,3.3667001724243164
1176,-5.59,-8.92,-2.65,3.369262933731079
1177,-5.49,-9.22,-2.65,3.369262933731079
1178,-5.49,-9.22,-2.65,3.3719027042388916
1179,-5.59,-9.22,-2.65,3.3719027042388916
1180,-5.79,-8.92,-2.65,3.3755087852478027
1181,-5.98,-9.22,-2.65,3.3765335083007812
1182,-6.18,-9.22,-2.65,3.37753963470459
1183,-5.98,-9.22,-2.65,3.379889965057373
1184,-5.98,-9.22,-2.84,3.379889965057373
1185,-5.88,-9.12,-2.65,3.382935047149658
1186,-5.59,-8.92,-2.94,3.385552406311035
1187,-5.3,-9.22,-3.24,3.385552406311035
1188,-5.1,-9.12,-2.94,3.387474298477173
1189,-4.61,-9.22,-2.84,3.388479232788086
1190,-4.51,-8.92,-2.84,3.3906636238098145
1191,-4.22,-8.92,-2.84,3.393643856048584
1192,-4.12,-9.12,-2.65,3.393643856048584
1193,-3.92,-8.92,-2.84,3.395798444747925
1194,-3.92,-8.92,-2.84,3.395798444747925
1195,-3.92,-9.12,-2.84,3.398756980895996
1196,-3.92,-9.12,-2.84,3.398756980895996
1197,-3.92,-9.12,-2.84,3.402127742767334
1198,-3.92,-8.92,-2.65,3.4036452770233154
1199,-3.92,-8.83,-2.65,3.404639720916748
1200,-3.82,-8.63,-2.65,3.4066379070281982
1201,-3.73,-8.53,-2.65,3.4076356887817383
1202,-3.73,-8.53,-2.65,3.409738779067993
1203,-3.53,-8.43,-2.55,3.4124953746795654
1204,-3.53,-8.24,-2.65,3.4124953746795654
1205,-3.53,-8.14,-2.55,3.4155001640319824
1206,-3.53,-8.14,-2.65,3.415921211242676
1207,-3.53,-8.14,-2.55,3.418217897415161
1208,-3.53,-8.24,-2.55,3.420682907104492
1209,-3.43,-8.24,-2.55,3.423450469970703
1210,-3.53,-8.24,-2.55,3.4244508743286133
1211,-3.53,-8.24,-2.65,3.4244508743286133
1212,-3.53,-8.14,-2.55,3.425947904586792
1213,-3.53,-8.14,-2.55,3.4288151264190674
1214,-3.73,-8.14,-2.35,3.4288151264190674
1215,-3.73,-8.24,-2.55,3.431846857070923
1216,-3.73,-8.24,-2.55,3.431846857070923
1217,-3.82,-8.24,-2.55,3.4346346855163574
1218,-3.82,-8.14,-2.35,3.4376285076141357
1219,-3.82,-7.94,-2.55,3.438654661178589
1220,-3.82,-7.94,-2.35,3.439673900604248
1221,-3.73,-7.85,-2.35,3.440513849258423
1222,-3.73,-8.14,-2.26,3.4425876140594482
1223,-3.92,-8.14,-2.35,3.445317506790161
1224,-3.92,-8.14,-2.35,3.445317506790161
1225,-4.12,-8.24,-2.35,3.448326349258423
1226,-4.22,-8.43,-2.26,3.448326349258423
1227,-4.41,-8.53,-2.26,3.4508960247039795
1228,-4.51,-8.63,-2.35,3.4508960247039795
1229,-4.51,-8.83,-2.35,3.4536266326904297
1230,-4.41,-8.92,-2.35,3.45550274848938
1231,-4.41,-9.12,-2.26,3.45550274848938
1232,-4.22,-9.32,-2.35,3.458548069000244
1233,-4.22,-9.51,-2.26,3.458548069000244
1234,-4.12,-9.51,-2.26,3.4618585109710693
1235,-3.92,-9.51,-2.16,3.4634244441986084
1236,-3.82,-9.51,-2.16,3.4644250869750977
1237,-3.73,-9.32,-2.16,3.4668080806732178
1238,-3.53,-9.22,-2.16,3.4668080806732178
1239,-3.43,-8.92,-2.16,3.469208002090454
1240,-3.24,-8.83,-2.16,3.4724509716033936
1241,-3.24,-8.53,-2.26,3.4728729724884033
1242,-3.14,-8.53,-2.16,3.475151300430298
1243,-2.84,-8.43,-2.26,3.475151300430298
1244,-2.55,-8.24,-2.26,3.4780845642089844
1245,-2.26,-8.14,-2.35,3.4807510375976562
1246,-1.86,-8.14,-2.35,3.4807510375976562
1247,-1.37,-8.43,-2.35,3.482862949371338
1248,-0.88,-8.63,-2.26,3.484530448913574
1249,-0.69,-8.63,-2.26,3.4859580993652344
1250,-0.69,-8.83,-2.35,3.488555431365967
1251,-0.88,-9.12,-2.35,3.4889376163482666
1252,-1.18,-9.22,-2.26,3.4915895462036133
1253,-1.47,-9.32,-2.26,3.4915895462036133
1254,-1.47,-9.61,-2.26,3.4940712451934814
1255,-1.57,-9.81,-2.26,3.4967639446258545
1256,-1.57,-9.9,-2.65,3.4967639446258545
1257,-2.06,-10.3,-2.84,3.5000596046447754
1258,-2.75,-10.4,-2.65,3.500746726989746
1259,-3.43,-10.69,-2.55,3.5020246505737305
1260,-3.82,-10.69,-2.65,3.504650115966797
1261,-3.92,-10.69,-2.65,3.5051932334899902
1262,-3.92,-10.59,-2.65,3.5069754123687744
1263,-4.22,-10.3,-2.65,3.5080082416534424
1264,-4.51,-10.0,-2.84,3.5107581615448
1265,-4.9,-10.0,-2.94,3.5130879878997803
1266,-5.2,-9.9,-2.94,3.5130879878997803
1267,-5.59,-9.61,-2.94,3.5164475440979004
1268,-5.79,-9.51,-2.84,3.518461227416992
1269,-5.98,-9.32,-2.84,3.518461227416992
1270,-6.18,-9.22,-2.84,3.5208542346954346
1271,-6.28,-9.51,-2.84,3.5208542346954346
1272,-6.77,-9.61,-2.65,3.5237531661987305
1273,-6.96,-9.61,-2.55,3.5237531661987305
1274,-6.96,-9.32,-2.35,3.5267333984375
1275,-6.96,-9.22,-2.55,3.529026508331299
1276,-6.96,-9.12,-2.55,3.531527519226074
1277,-6.96,-9.22,-2.55,3.5325284004211426
1278,-7.16,-9.22,-2.26,3.5335237979888916
1279,-7.26,-8.92,-2.16,3.534522294998169
1280,-7.55,-8.92,-2.35,3.537325143814087
1281,-7.85,-8.63,-2.55,3.537325143814087
1282,-7.94,-8.53,-2.55,3.540071964263916
1283,-8.14,-8.43,-2.55,3.5408356189727783
1284,-8.24,-8.43,-2.55,3.5433592796325684
1285,-8.14,-8.53,-2.55,3.546994686126709
1286,-7.94,-8.83,-2.55,3.546994686126709
1287,-7.55,-8.92,-2.55,3.5482630729675293
1288,-7.26,-8.92,-2.55,3.5482630729675293
1289,-7.16,-9.12,-2.55,3.550967216491699
1290,-7.16,-9.12,-2.55,3.553668975830078
1291,-7.16,-9.12,-2.35,3.553668975830078
1292,-7.26,-9.22,-2.35,3.5561399459838867
1293,-7.55,-9.22,-2.26,3.556898593902588
1294,-7.94,-9.32,-2.26,3.5592284202575684
1295,-8.34,-9.51,-2.35,3.5625061988830566
1296,-8.53,-9.51,-2.35,3.5625061988830566
1297,-8.34,-9.32,-2.55,3.5646519660949707
1298,-8.14,-9.51,-3.04,3.5646519660949707
1299,-7.55,-9.51,-2.94,3.5673999786376953
1300,-6.86,-9.22,-2.55,3.570348024368286
1301,-6.47,-8.92,-2.65,3.570348024368286
1302,-5.98,-8.63,-2.84,3.5728132724761963
1303,-5.59,-8.43,-2.84,3.573371410369873
1304,-5.2,-8.43,-2.94,3.5755910873413086
1305,-4.9,-8.53,-2.94,3.5755910873413086
1306,-4.51,-8.83,-2.94,3.5781490802764893
1307,-4.22,-8.92,-2.84,3.5812606811523438
1308,-3.82,-9.12,-2.84,3.5812606811523438
1309,-3.73,-9.12,-2.84,3.5837466716766357
1310,-3.24,-9.12,-2.84,3.584336519241333
1311,-3.14,-9.22,-2.65,3.586263418197632
1312,-2.94,-9.32,-2.65,3.5890355110168457
1313,-2.84,-9.32,-2.65,3.5890355110168457
1314,-2.75,-9.51,-2.55,3.5931754112243652
1315,-2.55,-9.32,-2.65,3.5941755771636963
1316,-2.55,-9.32,-2.65,3.5941755771636963
1317,-2.55,-9.32,-2.65,3.597172737121582
1318,-2.75,-9.32,-2.55,3.597172737121582
1319,-2.75,-9.12,-2.55,3.5994858741760254
1320,-2.75,-9.22,-2.65,3.5994858741760254
1321,-2.75,-8.92,-2.55,3.6032187938690186
1322,-2.75,-8.83,-2.55,3.605639934539795
1323,-2.55,-8.63,-2.35,3.605639934539795
1324,-2.45,-8.43,-2.35,3.6092708110809326
1325,-2.16,-8.24,-2.35,3.6092708110809326
1326,-2.06,-8.14,-2.55,3.61074161529541
1327,-2.06,-8.14,-2.35,3.613466501235962
1328,-2.06,-8.14,-2.26,3.613466501235962
1329,-2.26,-8.24,-2.35,3.6164629459381104
1330,-3.24,-9.61,-2.16,3.6164629459381104
1331,-3.73,-9.12,-1.47,3.6186110973358154
1332,-3.92,-8.83,-1.96,3.6218059062957764
1333,-4.41,-9.12,-2.26,3.6218059062957764
1334,-4.81,-8.83,-1.67,3.624825954437256
1335,-4.81,-8.92,-1.86,3.625438928604126
1336,-4.9,-9.22,-1.96,3.6274263858795166
1337,-5.1,-9.22,-1.86,3.6274263858795166
1338,-5.1,-9.22,-1.86,3.6302952766418457
1339,-5.3,-8.92,-1.86,3.632988929748535
1340,-5.49,-8.63,-1.86,3.632988929748535
1341,-5.59,-8.43,-1.86,3.6351094245910645
1342,-5.79,-8.14,-1.86,3.6358940601348877
1343,-5.88,-7.94,-1.96,3.637479066848755
1344,-5.98,-7.85,-1.96,3.641141414642334
1345,-6.18,-7.85,-1.96,3.641141414642334
1346,-6.18,-7.75,-1.96,3.643366575241089
1347,-6.28,-7.55,-1.96,3.643366575241089
1348,-6.47,-7.55,-2.16,3.6456868648529053
1349,-6.57,-7.75,-2.26,3.649158239364624
1350,-6.77,-7.85,-2.35,3.649158239364624
1351,-6.96,-7.85,-2.35,3.651987075805664
1352,-7.16,-7.85,-2.35,3.651987075805664
1353,-7.45,-8.14,-2.35,3.654120683670044
1354,-7.55,-8.43,-2.84,3.6571667194366455
1355,-6.96,-8.53,-2.94,3.657641887664795
1356,-6.18,-8.24,-2.55,3.6596882343292236
1357,-4.81,-8.53,-2.26,3.6596882343292236
1358,-3.73,-8.83,-2.26,3.6623916625976562
1359,-1.77,-8.53,-2.16,3.6651597023010254
1360,0.59,-7.94,-2.16,3.6651597023010254
1361,2.26,-7.75,-1.86,3.6682662963867188
1362,3.53,-6.77,-2.16,3.66856050491333
1363,4.02,-6.18,-2.35,3.6721689701080322
1364,3.63,-6.37,-2.55,3.6721689701080322
1365,3.24,-6.77,-2.35,3.673168897628784
1366,2.55,-7.06,-2.35,3.6757898330688477
1367,1.47,-7.55,-2.35,3.6757898330688477
1368,-0.0,-7.85,-2.26,3.6791205406188965
1369,-1.37,-8.24,-2.26,3.6791205406188965
1370,-2.45,-8.92,-2.65,3.6819071769714355
1371,-3.73,-9.81,-2.55,3.6819071769714355
1372,-4.22,-10.2,-2.26,3.6842877864837646
1373,-4.61,-10.3,-2.26,3.6873297691345215
1374,-4.61,-10.2,-2.16,3.6873297691345215
1375,-4.22,-9.81,-2.55,3.6908013820648193
1376,-3.92,-9.32,-2.55,3.6908013820648193
1377,-3.82,-9.12,-2.55,3.6922943592071533
1378,-3.82,-8.83,-2.94,3.6950442790985107
1379,-4.41,-9.22,-3.24,3.6950442790985107
1380,-5.49,-9.9,-2.94,3.6981897354125977
1381,-6.47,-10.3,-2.65,3.6981897354125977
1382,-7.26,-10.59,-2.84,3.7005720138549805
1383,-7.94,-10.69,-2.65,3.7034828662872314
1384,-8.53,-10.98,-2.35,3.7034828662872314
1385,-9.02,-10.89,-2.16,3.705838203430176
1386,-9.51,-10.69,-2.16,3.7078545093536377
1387,-9.61,-10.4,-2.16,3.7088563442230225
1388,-9.61,-10.2,-2.26,3.711578369140625
1389,-9.32,-9.81,-2.26,3.711578369140625
1390,-9.22,-9.32,-2.35,3.7141952514648438
1391,-9.32,-9.12,-2.26,3.7180795669555664
1392,-9.32,-9.12,-2.26,3.718719959259033
1393,-9.51,-9.22,-2.26,3.7196943759918213
1394,-10.0,-9.9,-1.96,3.7196943759918213
1395,-10.3,-10.4,-1.86,3.7221994400024414
1396,-10.59,-10.59,-1.96,3.7246599197387695
1397,-10.49,-10.4,-1.96,3.7255873680114746
1398,-10.3,-10.89,-1.86,3.72825288772583
1399,-10.2,-11.08,-1.86,3.730752944946289
1400,-10.0,-11.08,-1.86,3.730752944946289
1401,-10.59,-11.08,-1.67,3.733748435974121
1402,-10.3,-11.08,-1.57,3.7357635498046875
1403,-10.3,-10.59,-1.67,3.7357635498046875
1404,-10.3,-9.81,-1.96,3.7387855052948
1405,-10.59,-9.12,-2.84,3.741342067718506
1406,-10.98,-7.85,-3.33,3.741342067718506
1407,-10.59,-7.06,-3.53,3.7440948486328125
1408,-10.3,-6.18,-3.82,3.7448322772979736
1409,-9.51,-5.49,-4.02,3.7462902069091797
1410,-8.34,-5.1,-4.51,3.7500057220458984
1411,-7.55,-4.71,-4.61,3.7500057220458984
1412,-6.77,-4.12,-4.51,3.75199556350708
1413,-5.79,-3.73,-4.51,3.75199556350708
1414,-4.81,-3.14,-4.51,3.7551350593566895
1415,-3.82,-3.14,-4.51,3.757766008377075
1416,-2.75,-3.33,-4.51,3.757766008377075
1417,-1.77,-3.63,-4.31,3.7607333660125732
1418,-0.88,-3.82,-3.92,3.7607333660125732
1419,-0.39,-4.41,-3.82,3.764540672302246
1420,-0.0,-5.1,-3.33,3.765547513961792
1421,0.29,-6.47,-3.04,3.765547513961792
1422,0.49,-7.85,-2.65,3.7685418128967285
1423,0.49,-9.32,-2.16,3.7685418128967285
1424,0.29,-10.98,-1.86,3.770667552947998
1425,0.2,-12.75,-1.57,3.771672487258911
1426,-0.2,-14.32,-0.59,3.773817539215088
1427,-0.78,-15.4,0.2,3.7765486240386963
1428,-1.08,-16.08,0.39,3.7765486240386963
1429,-1.08,-16.08,0.49,3.779604434967041
1430,-1.18,-15.4,0.69,3.780606746673584
1431,-1.37,-14.32,0.2,3.781992197036743
1432,-1.77,-12.75,-0.2,3.7848286628723145
1433,-2.45,-11.08,-0.78,3.7848286628723145
1434,-3.14,-9.61,-1.27,3.7873260974884033
1435,-3.53,-8.53,-1.86,3.790142059326172
1436,-3.24,-7.85,-1.96,3.790142059326172
1437,-3.14,-7.26,-2.16,3.7929956912994385
1438,-3.14,-6.86,-2.35,3.7929956912994385
1439,-3.43,-6.57,-2.55,3.7955739498138428
1440,-3.92,-6.57,-2.65,3.7955739498138428
1441,-4.81,-6.77,-2.55,3.79854416847229
1442,-5.88,-7.06,-2.55,3.8010177612304688
1443,-6.77,-7.26,-2.55,3.8010177612304688
1444,-7.94,-7.55,-2.55,3.8035905361175537
1445,-9.02,-7.45,-2.55,3.8035905361175537
1446,-9.9,-7.45,-2.65,3.8065531253814697
1447,-10.49,-7.26,-2.55,3.811128616333008
1448,-10.69,-7.16,-2.65,3.811128616333008
1449,-10.89,-7.16,-2.65,3.8121275901794434
1450,-10.59,-7.55,-2.55,3.8147401809692383
1451,-9.9,-7.85,-2.35,3.815296173095703
1452,-9.22,-8.14,-2.26,3.81767201423645
1453,-8.34,-8.53,-2.16,3.8180932998657227
1454,-7.94,-8.53,-1.96,3.8206002712249756
1455,-7.55,-8.53,-1.96,3.8231375217437744
1456,-7.26,-8.24,-1.96,3.823507070541382
1457,-6.96,-7.94,-2.16,3.825507164001465
1458,-6.86,-7.55,-1.96,3.825507164001465
1459,-6.57,-7.16,-2.16,3.8287415504455566
1460,-6.28,-6.86,-2.65,3.829029083251953
1461,-6.18,-6.77,-2.84,3.831488609313965
1462,-5.88,-6.47,-2.65,3.8338568210601807
1463,-5.98,-6.47,-2.65,3.8338568210601807
1464,-5.88,-6.47,-2.65,3.836272954940796
1465,-5.98,-6.37,-2.55,3.837195873260498
1466,-5.98,-6.57,-2.65,3.8389902114868164
1467,-5.98,-7.06,-2.65,3.8417983055114746
1468,-5.88,-7.26,-2.35,3.8417983055114746
1469,-5.88,-7.55,-2.26,3.8446695804595947
1470,-5.59,-7.85,-2.26,3.8446695804595947
1471,-5.3,-7.85,-2.16,3.8472230434417725
1472,-4.9,-7.85,-1.96,3.8498682975769043
1473,-4.51,-7.94,-1.96,3.8498682975769043
1474,-4.12,-9.22,-1.47,3.853235960006714
1475,-3.14,-12.26,-0.59,3.853235960006714
1476,-1.86,-14.71,0.1,3.8562302589416504
1477,-0.1,-15.49,-0.29,3.8582730293273926
1478,2.94,-16.57,-0.49,3.8582730293273926
1479,7.26,-15.69,-1.18,3.860793113708496
1480,10.69,-13.34,-2.16,3.860793113708496
1481,11.67,-9.61,-2.55,3.863530397415161
1482,10.0,-5.69,-2.94,3.8656692504882812
1483,6.86,-2.75,-3.24,3.866525888442993
1484,3.53,-1.27,-3.53,3.869457960128784
1485,0.59,-0.98,-3.92,3.869457960128784
1486,-1.18,-1.67,-4.31,3.8725838661193848
1487,-2.26,-3.14,-4.71,3.8743784427642822
1488,-3.24,-5.39,-4.02,3.8746702671051025
1489,-3.82,-7.75,-3.33,3.8772430419921875
1490,-4.41,-9.9,-3.04,3.8772430419921875
1491,-4.61,-11.67,-2.65,3.880331039428711
1492,-4.51,-12.94,-2.84,3.882776975631714
1493,-5.1,-13.73,-3.53,3.882776975631714
1494,-5.88,-14.71,-3.53,3.885443687438965
1495,-6.57,-14.71,-3.24,3.8862345218658447
1496,-6.86,-14.42,-3.04,3.888234853744507
1497,-6.96,-13.73,-3.24,3.891249418258667
1498,-6.96,-13.14,-3.04,3.891634941101074
1499,-7.26,-12.26,-2.35,3.89370059967041
1500,-7.65,-10.89,-1.57,3.896401882171631
1501,-8.24,-9.32,-1.86,3.896401882171631
1502,-8.83,-8.63,-2.55,3.8994221687316895
1503,-9.02,-7.94,-2.94,3.899813652038574
1504,-9.81,-7.85,-2.84,3.901726722717285
1505,-10.89,-7.75,-2.84,3.9045681953430176
1506,-11.38,-8.14,-2.84,3.905564546585083
1507,-11.96,-8.53,-2.84,3.907017707824707
1508,-12.06,-9.12,-2.84,3.907017707824707
1509,-11.96,-9.32,-2.55,3.909748077392578
1510,-11.57,-9.51,-2.35,3.9130115509033203
1511,-11.28,-9.61,-2.35,3.9130115509033203
1512,-10.89,-9.81,-2.35,3.9153504371643066
1513,-10.3,-9.61,-2.35,3.9182398319244385
1514,-9.61,-9.32,-2.35,3.9198782444000244
1515,-9.02,-9.12,-2.35,3.9207563400268555
1516,-8.83,-8.63,-2.55,3.9207563400268555
1517,-8.53,-8.92,-2.55,3.923598051071167
1518,-8.53,-9.12,-2.55,3.926321506500244
1519,-8.53,-9.22,-2.35,3.926866292953491
1520,-8.83,-9.51,-2.35,3.929330587387085
1521,-9.02,-9.81,-2.26,3.9297242164611816
1522,-9.02,-9.81,-2.35,3.9321186542510986
1523,-8.92,-9.51,-2.55,3.9321186542510986
1524,-8.53,-9.51,-2.65,3.936084270477295
1525,-7.94,-9.22,-2.84,3.9369056224823
1526,-7.55,-8.83,-2.65,3.9369056224823
1527,-6.96,-8.43,-2.84,3.939682722091675
1528,-6.47,-8.53,-2.94,3.939682722091675
1529,-5.98,-8.63,-3.04,3.9423716068267822
1530,-5.59,-9.12,-3.63,3.9450716972351074
1531,-5.1,-9.61,-3.82,3.9450716972351074
1532,-4.81,-10.0,-3.04,3.9482624530792236
1533,-4.61,-10.2,-2.84,3.9482624530792236
1534,-4.41,-10.3,-2.84,3.9506359100341797
1535,-3.92,-10.3,-2.65,3.9535672664642334
1536,-3.53,-10.2,-2.65,3.9535672664642334
1537,-3.24,-9.9,-2.55,3.956040620803833
1538,-2.84,-9.32,-2.55,3.959052324295044
1539,-2.75,-8.92,-2.65,3.9594459533691406
1540,-2.55,-8.53,-2.55,3.9618098735809326
1541,-2.26,-8.43,-2.65,3.9621989727020264
1542,-2.16,-8.24,-2.65,3.9658288955688477
1543,-2.06,-8.53,-2.65,3.966827869415283
1544,-2.26,-9.12,-2.55,3.966827869415283
1545,-2.75,-9.81,-2.55,3.9696319103240967
1546,-3.24,-10.59,-2.55,3.9696319103240967
1547,-3.92,-11.08,-2.55,3.9724204540252686
1548,-4.51,-11.38,-2.55,3.9752449989318848
1549,-4.9,-11.08,-2.35,3.9752449989318848
1550,-5.1,-10.59,-2.35,3.977428674697876
1551,-4.61,-9.61,-2.35,3.9784317016601562
1552,-4.12,-8.63,-2.55,3.981513738632202
1553,-2.94,-7.75,-2.65,3.9824399948120117
1554,-1.86,-7.26,-2.84,3.983482837677002
1555,-1.08,-7.45,-2.65,3.9854114055633545
1556,-0.49,-7.45,-2.84,3.9864094257354736
1557,-0.2,-7.06,-2.84,3.9884042739868164
1558,-0.0,-6.57,-2.35,3.9913957118988037
1559,0.29,-6.77,-2.35,3.9913957118988037
1560,0.49,-7.16,-2.35,3.99438738822937
1561,0.59,-7.16,-2.26,3.99438738822937
1562,0.59,-7.26,-2.16,3.99638032913208
1563,0.29,-7.55,-2.16,3.997377872467041
1564,-0.2,-7.45,-2.16,3.9993724822998047
1565,-1.08,-7.45,-2.26,4.00236439704895
1566,-2.26,-7.75,-2.26,4.00236439704895
1567,-3.82,-7.85,-2.16,4.004358768463135
1568,-5.2,-7.94,-2.26,4.005356550216675
1569,-6.57,-8.14,-2.35,4.00735068321228
1570,-7.65,-8.14,-2.35,4.011340141296387
1571,-8.53,-8.24,-2.26,4.011340141296387
1572,-8.92,-8.43,-2.35,4.012338399887085
1573,-9.02,-8.53,-2.26,4.013335227966309
1574,-8.92,-8.83,-2.26,4.015329837799072
1575,-8.63,-9.12,-2.16,4.018321514129639
1576,-8.24,-9.32,-1.96,4.018321514129639
1577,-8.14,-9.51,-1.86,4.021313667297363
1578,-7.94,-9.32,-1.86,4.021313667297363
1579,-7.65,-9.12,-1.86,4.023308277130127
1580,-7.26,-8.83,-1.86,4.024305582046509
1581,-6.77,-8.43,-1.67,4.027297735214233
1582,-6.57,-7.94,-1.57,4.029292345046997
1583,-6.28,-7.85,-1.47,4.029292345046997
1584,-5.88,-7.85,-1.57,4.032284259796143
1585,-5.1,-7.94,-1.96,4.032284259796143
1586,-3.82,-8.43,-2.26,4.034278869628906
1587,-2.16,-9.22,-2.26,4.037270784378052
1588,-0.88,-10.0,-2.16,4.037270784378052
1589,0.2,-10.2,-1.96,4.0402631759643555
1590,0.29,-9.9,-1.96,4.0402631759643555
1591,-0.2,-9.32,-1.96,4.043256044387817
1592,-0.78,-8.63,-2.16,4.045250177383423
1593,-0.88,-8.83,-2.26,4.045250177383423
1594,-0.78,-8.43,-2.26,4.048274278640747
1595,-0.88,-7.75,-2.26,4.048274278640747
1596,-1.37,-7.45,-2.35,4.051233768463135
1597,-2.06,-7.55,-2.55,4.053260803222656
1598,-2.55,-7.94,-2.65,4.054226398468018
1599,-3.24,-8.53,-2.55,4.056253910064697
1600,-3.73,-8.83,-2.35,4.057236909866333
1601,-3.82,-8.83,-2.35,4.059213161468506
1602,-3.73,-8.92,-2.55,4.06123948097229
1603,-3.73,-8.92,-2.26,4.062206506729126
1604,-3.73,-8.92,-2.26,4.0642313957214355
1605,-3.92,-8.92,-2.35,4.065197229385376
1606,-4.41,-9.12,-2.35,4.067224740982056
1607,-5.1,-9.32,-2.26,4.070217609405518
1608,-5.59,-9.32,-2.35,4.070217609405518
1609,-6.28,-9.9,-2.65,4.072210311889648
1610,-7.26,-10.3,-2.35,4.074173450469971
1611,-8.14,-10.59,-2.26,4.0751707553863525
1612,-8.53,-10.59,-2.16,4.0781941413879395
1613,-8.63,-10.69,-1.96,4.0781941413879395
1614,-8.63,-10.4,-1.96,4.0811896324157715
1615,-8.83,-10.4,-2.16,4.0811896324157715
1616,-8.92,-10.3,-1.96,4.083181858062744
1617,-9.51,-10.69,-1.96,4.086412668228149
1618,-10.0,-10.89,-1.96,4.086412668228149
1619,-11.87,-12.06,-1.86,4.08916711807251
1620,-12.75,-11.67,-1.47,4.09119439125061
1621,-12.55,-10.3,-1.86,4.092159271240234
1622,-12.75,-9.9,-1.96,4.0941855907440186
1623,-12.36,-9.12,-1.96,4.097178220748901
1624,-11.28,-8.24,-2.35,4.097178220748901
1625,-10.49,-8.14,-2.35,4.10013747215271
1626,-9.51,-7.45,-2.55,4.10013747215271
1627,-8.34,-6.77,-2.84,4.1021645069122314
1628,-8.24,-6.47,-3.04,4.105125904083252
1629,-8.24,-5.79,-3.33,4.106123685836792
1630,-8.92,-5.2,-3.63,4.108148574829102
1631,-8.83,-5.0,-3.92,4.108148574829102
1632,-8.24,-5.0,-3.92,4.111108303070068
1633,-7.26,-5.0,-3.63,4.113138914108276
1634,-6.18,-4.81,-3.82,4.114102125167847
1635,-5.1,-4.81,-3.63,4.1161274909973145
1636,-4.12,-5.1,-3.24,4.117093563079834
1637,-3.53,-5.39,-3.24,4.119118928909302
1638,-2.94,-5.39,-3.24,4.121082067489624
1639,-2.94,-5.39,-3.04,4.122082233428955
1640,-2.94,-5.49,-3.04,4.124108791351318
1641,-2.94,-5.69,-3.33,4.125072717666626
1642,-2.94,-5.79,-3.24,4.1270997524261475
1643,-3.14,-6.08,-3.24,4.130064249038696
1644,-3.24,-6.18,-3.04,4.130064249038696
1645,-3.24,-6.47,-2.84,4.132085561752319
1646,-3.14,-7.16,-2.65,4.13305139541626
1647,-2.84,-7.94,-2.35,4.135045051574707
1648,-2.55,-8.83,-2.16,4.136041879653931
1649,-2.26,-9.81,-1.67,4.138037443161011
1650,-2.45,-10.59,-1.57,4.141031265258789
1651,-2.55,-11.38,-1.27,4.141031265258789
1652,-2.55,-10.98,-1.27,4.143060684204102
1653,-2.26,-10.89,-1.57,4.146050214767456
1654,-2.16,-10.3,-1.96,4.146050214767456
1655,-2.16,-11.38,-0.98,4.149008274078369
1656,-2.75,-12.65,-0.78,4.149008274078369
1657,-3.14,-13.73,-0.49,4.152000665664673
1658,-4.41,-13.14,-0.2,4.154991626739502
1659,-5.3,-12.65,-0.88,4.155989408493042
1660,-6.28,-11.96,-0.98,4.15698766708374
1661,-6.96,-11.28,-1.18,4.159978628158569
1662,-6.96,-10.4,-1.57,4.159978628158569
1663,-6.77,-9.61,-1.57,4.161993741989136
1664,-6.57,-9.22,-1.67,4.163991451263428
1665,-6.57,-8.43,-1.96,4.164992094039917
1666,-6.77,-7.26,-2.35,4.167963027954102
1667,-6.86,-6.57,-2.65,4.167963027954102
1668,-7.26,-6.47,-2.65,4.172332525253296
1669,-7.45,-6.86,-2.55,4.172332525253296
1670,-7.45,-7.75,-2.55,4.172944784164429
1671,-7.26,-8.24,-2.16,4.176432132720947
1672,-7.16,-8.53,-2.16,4.176432132720947
1673,-6.86,-8.63,-2.16,4.179033279418945
1674,-6.57,-8.63,-2.16,4.179033279418945
1675,-6.28,-8.43,-2.16,4.181321859359741
1676,-5.98,-8.14,-1.96,4.184261798858643
1677,-5.49,-7.85,-2.16,4.1846442222595215
1678,-5.3,-7.55,-2.26,4.186669588088989
1679,-5.2,-7.16,-2.26,4.187641143798828
1680,-5.2,-6.77,-2.35,4.190103530883789
1681,-5.49,-6.47,-2.55,4.190103530883789
1682,-5.59,-6.37,-2.65,4.192838191986084
1683,-5.98,-6.18,-2.55,4.1951515674591064
1684,-6.18,-6.18,-2.65,4.1951515674591064
1685,-6.28,-6.37,-2.65,4.197680950164795
1686,-6.47,-6.47,-2.55,4.1987059116363525
1687,-6.47,-6.57,-2.55,4.201022148132324
1688,-6.28,-6.77,-2.55,4.203638315200806
1689,-6.18,-7.06,-2.35,4.203638315200806
1690,-5.88,-7.16,-2.35,4.205968141555786
1691,-5.49,-7.26,-2.26,4.205968141555786
1692,-5.2,-7.16,-2.26,4.209166049957275
1693,-4.9,-7.26,-2.26,4.210979461669922
1694,-4.9,-7.55,-2.16,4.21198296546936
1695,-4.9,-7.75,-2.16,4.214256048202515
1696,-5.2,-7.94,-1.96,4.214256048202515
1697,-5.59,-8.24,-1.96,4.216547966003418
1698,-5.98,-8.43,-1.86,4.219851493835449
1699,-6.47,-8.83,-1.86,4.219851493835449
1700,-6.77,-8.92,-1.86,4.222555875778198
1701,-6.77,-9.12,-1.67,4.222944021224976
1702,-6.77,-9.12,-1.86,4.225295543670654
1703,-6.47,-8.92,-1.86,4.227433681488037
1704,-6.28,-8.83,-1.96,4.228434324264526
1705,-6.18,-8.63,-1.86,4.230428218841553
1706,-5.98,-8.53,-1.86,4.230428218841553
1707,-6.18,-8.53,-1.86,4.233654022216797
1708,-6.28,-8.63,-1.86,4.236052989959717
1709,-6.57,-8.63,-1.86,4.236052989959717
1710,-6.77,-8.83,-1.86,4.238774538040161
1711,-6.96,-8.63,-1.86,4.238774538040161
1712,-6.96,-8.53,-1.96,4.2415478229522705
1713,-6.86,-8.24,-1.96,4.2415478229522705
1714,-6.77,-7.94,-2.16,4.244541168212891
1715,-6.57,-7.75,-2.16,4.246659994125366
1716,-6.47,-7.55,-2.26,4.246659994125366
1717,-6.18,-7.45,-2.26,4.249420881271362
1718,-6.18,-7.26,-2.26,4.249420881271362
1719,-5.98,-7.26,-2.26,4.252166032791138
1720,-5.98,-7.26,-2.16,4.255129337310791
1721,-5.88,-7.16,-2.26,4.255129337310791
1722,-5.79,-7.16,-2.26,4.257835149765015
1723,-5.59,-7.16,-2.26,4.257835149765015
1724,-5.49,-7.06,-2.26,4.260366201400757
1725,-5.49,-6.86,-2.26,4.262981176376343
1726,-5.3,-7.06,-2.26,4.262981176376343
1727,-5.49,-7.06,-2.26,4.266106843948364
1728,-5.59,-7.06,-2.26,4.266106843948364
1729,-5.79,-7.06,-2.26,4.26899528503418
1730,-5.88,-7.06,-2.26,4.271110534667969
1731,-5.88,-7.06,-2.26,4.271110534667969
1732,-5.98,-7.26,-2.26,4.273584604263306
1733,-5.98,-7.45,-2.26,4.275580406188965
1734,-5.98,-7.45,-2.16,4.2766029834747314
1735,-5.98,-7.55,-2.16,4.279570579528809
1736,-6.18,-7.75,-2.16,4.279570579528809
1737,-6.18,-7.85,-1.96,4.282297372817993
1738,-6.18,-8.14,-1.96,4.282698154449463
1739,-6.28,-8.24,-1.96,4.284832954406738
1740,-6.47,-8.24,-1.96,4.287545680999756
1741,-6.47,-8.24,-1.96,4.287545680999756
1742,-6.47,-8.24,-1.96,4.290720224380493
1743,-6.47,-8.24,-1.96,4.292453050613403
1744,-6.57,-8.43,-1.96,4.292453050613403
1745,-6.57,-8.43,-1.96,4.293447971343994
1746,-6.77,-8.43,-1.96,4.2954628467559814
1747,-6.77,-8.43,-1.96,4.298497676849365
1748,-6.77,-8.24,-2.16,4.298497676849365
1749,-6.47,-8.14,-1.96,4.301328420639038
1750,-6.28,-8.14,-2.16,4.302090644836426
1751,-6.28,-7.94,-2.16,4.303945302963257
1752,-6.28,-7.94,-2.16,4.306643486022949
1753,-6.28,-7.85,-1.96,4.307636976242065
1754,-6.18,-7.94,-1.96,4.308634519577026
1755,-6.18,-7.85,-1.96,4.30963134765625
1756,-5.98,-7.85,-1.96,4.3123040199279785
1757,-5.88,-7.85,-1.96,4.314674377441406
1758,-5.88,-7.75,-1.96,4.315232992172241
1759,-5.88,-7.55,-2.16,4.317655324935913
1760,-5.79,-7.45,-2.16,4.317655324935913
1761,-5.79,-7.45,-2.16,4.320288896560669
1762,-5.88,-7.26,-2.26,4.3230791091918945
1763,-5.88,-7.26,-2.26,4.3230791091918945
1764,-5.88,-7.45,-2.26,4.325104475021362
1765,-5.88,-7.45,-2.16,4.32623815536499
1766,-5.88,-7.55,-2.16,4.328955173492432
1767,-5.98,-7.55,-2.26,4.331277370452881
1768,-6.18,-7.45,-2.26,4.331277370452881
1769,-6.18,-7.55,-2.26,4.333890914916992
1770,-6.18,-7.55,-2.26,4.33491587638855
1771,-6.28,-7.75,-2.26,4.336914300918579
1772,-6.28,-7.85,-2.16,4.3389341831207275
1773,-6.47,-7.94,-2.16,4.3389341831207275
1774,-6.47,-8.14,-1.96,4.342093467712402
1775,-6.47,-8.43,-1.96,4.342093467712402
1776,-6.57,-8.43,-1.96,4.344716548919678
1777,-6.47,-8.53,-1.96,4.344716548919678
1778,-6.47,-8.53,-1.96,4.347402334213257
1779,-6.47,-8.53,-1.96,4.350470542907715
1780,-6.47,-8.53,-1.96,4.350470542907715
1781,-6.47,-8.53,-1.96,4.3536460399627686
1782,-6.47,-8.53,-1.96,4.3536460399627686
1783,-6.47,-8.53,-1.96,4.35564398765564
1784,-6.57,-8.53,-1.96,4.358298063278198
1785,-6.57,-8.43,-1.96,4.358773469924927
1786,-6.57,-8.24,-1.96,4.361471652984619
1787,-6.47,-8.24,-1.96,4.361471652984619
1788,-6.57,-8.24,-1.96,4.363766670227051
1789,-6.47,-8.14,-1.96,4.366028070449829
1790,-6.57,-8.24,-1.96,4.366939544677734
1791,-6.57,-8.14,-1.96,4.369382619857788
1792,-6.57,-8.14,-1.96,4.369891881942749
1793,-6.57,-8.14,-1.96,4.372077465057373
1794,-6.47,-8.14,-2.16,4.374725103378296
1795,-6.47,-7.94,-2.16,4.374725103378296
1796,-6.28,-7.85,-2.16,4.37766170501709
1797,-6.28,-7.85,-2.16,4.37766170501709
1798,-6.18,-7.75,-2.16,4.380505561828613
1799,-5.98,-7.85,-2.16,4.382575511932373
1800,-5.98,-7.55,-2.16,4.382575511932373
1801,-5.88,-7.45,-2.16,4.385571718215942
1802,-5.79,-7.16,-2.16,4.385571718215942
1803,-5.79,-7.16,-2.26,4.387312650680542
1804,-5.79,-7.16,-2.26,4.390778541564941
1805,-5.79,-7.16,-2.26,4.3913774490356445
1806,-5.59,-7.16,-2.26,4.3935370445251465
1807,-5.79,-7.16,-2.26,4.3935370445251465
1808,-5.79,-7.16,-2.26,4.396533966064453
1809,-5.79,-7.16,-2.26,4.396533966064453
1810,-5.88,-7.26,-2.26,4.399526596069336
1811,-5.88,-7.45,-2.16,4.4020655155181885
1812,-5.98,-7.55,-2.16,4.40269660949707
1813,-6.18,-7.75,-2.16,4.404599189758301
1814,-6.18,-7.75,-2.16,4.404599189758301
1815,-6.18,-7.94,-1.96,4.407793760299683
1816,-6.28,-7.94,-1.96,4.410338401794434
1817,-6.47,-7.85,-1.96,4.410338401794434
1818,-6.47,-8.24,-1.96,4.412783145904541
1819,-6.47,-8.43,-1.86,4.412783145904541
1820,-6.57,-8.43,-1.96,4.414999008178711
1821,-6.57,-8.53,-1.96,4.4180662631988525
1822,-6.57,-8.43,-1.86,4.418605327606201
1823,-6.57,-8.43,-1.96,4.420791387557983
1824,-6.47,-8.24,-1.96,4.420791387557983
1825,-6.47,-8.14,-1.96,4.42348051071167
1826,-6.28,-7.94,-1.96,4.425625324249268
1827,-6.18,-7.85,-1.96,4.4264748096466064
1828,-6.18,-7.94,-1.96,4.428619861602783
1829,-6.18,-7.94,-1.96,4.430590391159058
1830,-6.28,-7.94,-1.96,4.431468725204468
1831,-6.28,-7.94,-1.96,4.433947324752808
1832,-6.28,-7.85,-2.16,4.434647560119629
1833,-6.28,-7.75,-2.16,4.437089920043945
1834,-6.28,-7.45,-2.16,4.437089920043945
1835,-6.18,-7.45,-2.16,4.439990758895874
1836,-6.18,-7.45,-2.16,4.4428441524505615
1837,-6.18,-7.45,-2.16,4.443233489990234
1838,-5.98,-7.55,-2.16,4.446782827377319
1839,-5.98,-7.55,-2.16,4.44736909866333
1840,-5.98,-7.55,-2.16,4.447888135910034
1841,-5.98,-7.55,-2.16,4.447888135910034
1842,-5.98,-7.55,-1.96,4.450578451156616
1843,-5.88,-7.55,-2.16,4.4533116817474365
1844,-5.88,-7.55,-2.16,4.4533116817474365
1845,-5.98,-7.55,-2.16,4.456308603286743
1846,-5.88,-7.55,-2.16,4.456308603286743
1847,-5.98,-7.55,-2.16,4.459274530410767
1848,-6.18,-7.75,-2.16,4.4626569747924805
1849,-6.18,-7.75,-2.16,4.46364951133728
1850,-6.18,-7.85,-1.96,4.46364951133728
1851,-6.18,-7.85,-1.96,4.464650630950928
1852,-6.18,-7.85,-1.96,4.466878414154053
1853,-6.28,-7.85,-2.16,4.469653606414795
1854,-6.28,-7.85,-1.96,4.469653606414795
1855,-5.98,-7.94,-2.16,4.472931385040283
1856,-6.28,-7.94,-1.96,4.473259925842285
1857,-6.28,-7.85,-1.96,4.475256681442261
1858,-6.28,-7.94,-1.96,4.47876501083374
1859,-6.28,-7.94,-1.96,4.47876501083374
1860,-6.28,-7.94,-1.96,4.480508089065552
1861,-6.28,-7.94,-1.96,4.480508089065552
1862,-6.28,-7.85,-1.96,4.483211994171143
1863,-6.28,-7.94,-1.96,4.486212968826294
1864,-6.28,-7.94,-1.96,4.486212968826294
1865,-6.28,-7.94,-1.96,4.488204479217529
1866,-6.28,-7.85,-1.96,4.489201307296753
1867,-6.28,-7.85,-1.96,4.491515398025513
1868,-6.28,-7.85,-1.96,4.494027137756348
1869,-6.28,-7.85,-1.96,4.494027137756348
1870,-6.28,-7.85,-2.16,4.496798992156982
1871,-6.28,-7.85,-2.16,4.496798992156982
1872,-6.28,-7.85,-2.16,4.499767065048218
1873,-6.18,-7.85,-2.16,4.499767065048218
1874,-6.18,-7.85,-1.96,4.502828598022461
1875,-6.18,-7.85,-2.16,4.504530906677246
1876,-6.18,-7.85,-2.16,4.505539894104004
1877,-6.28,-7.85,-2.16,4.509079217910767
1878,-6.28,-7.85,-2.16,4.510075092315674
1879,-6.18,-7.85,-2.16,4.510075092315674
1880,-6.28,-7.85,-2.16,4.513502836227417
1881,-6.18,-7.85,-2.16,4.513502836227417
1882,-6.18,-7.94,-1.96,4.515575170516968
1883,-6.28,-7.94,-1.96,4.516496658325195
1884,-6.28,-7.94,-1.96,4.5190088748931885
1885,-6.28,-7.94,-1.96,4.520812273025513
1886,-6.47,-7.94,-1.96,4.520812273025513
1887,-6.28,-7.94,-1.96,4.525082349777222
1888,-6.47,-8.14,-1.96,4.525082349777222
1889,-6.47,-7.94,-1.96,4.526795864105225
1890,-6.28,-7.94,-1.96,4.5293920040130615
1891,-6.28,-8.14,-2.16,4.5293920040130615
1892,-6.28,-7.94,-2.16,4.532478332519531
1893,-6.28,-7.94,-1.96,4.532478332519531
1894,-6.47,-7.94,-2.16,4.534717798233032
1895,-6.47,-7.94,-1.96,4.5369274616241455
1896,-6.47,-7.94,-1.96,4.537928819656372
1897,-6.28,-7.85,-2.16,4.541085958480835
1898,-6.28,-7.94,-2.16,4.5420215129852295
1899,-6.28,-7.94,-2.16,4.542974233627319
1900,-6.18,-7.94,-1.96,4.5456531047821045
1901,-6.28,-7.85,-2.16,4.5456531047821045
1902,-6.28,-7.85,-2.16,4.548651933670044
1903,-6.28,-7.85,-2.16,4.548651933670044
1904,-6.18,-7.85,-2.16,4.551772117614746
1905,-6.28,-7.85,-2.16,4.552145719528198
1906,-6.18,-7.75,-2.16,4.554040431976318
1907,-6.28,-7.85,-2.16,4.556916952133179
1908,-6.18,-7.75,-2.16,4.557318687438965
1909,-6.18,-7.75,-2.16,4.5593883991241455
1910,-6.18,-7.75,-2.16,4.5593883991241455
1911,-6.18,-7.75,-2.16,4.562734127044678
1912,-6.18,-7.55,-2.16,4.565147161483765
1913,-6.18,-7.75,-2.16,4.565147161483765
1914,-5.98,-7.75,-2.16,4.567212820053101
1915,-5.98,-7.55,-2.16,4.568275213241577
1916,-5.98,-7.55,-1.96,4.571787118911743
1917,-5.98,-7.55,-2.16,4.5730366706848145
1918,-5.98,-7.55,-2.16,4.573495864868164
1919,-5.98,-7.55,-2.16,4.575636148452759
1920,-6.18,-7.75,-2.16,4.575636148452759
1921,-6.18,-7.75,-2.16,4.57866358757019
1922,-6.18,-7.75,-2.16,4.581451892852783
1923,-6.18,-7.85,-1.96,4.581451892852783
1924,-6.18,-7.85,-2.16,4.583911180496216
1925,-6.28,-7.85,-2.16,4.583911180496216
1926,-6.47,-7.85,-2.16,4.58665657043457
1927,-6.47,-7.94,-1.96,4.589219093322754
1928,-6.47,-8.14,-1.86,4.589219093322754
1929,-6.47,-7.94,-1.96,4.591943025588989
1930,-6.47,-8.14,-1.96,4.591943025588989
1931,-6.47,-7.94,-1.96,4.59471321105957
1932,-6.47,-7.94,-1.96,4.597817659378052
1933,-6.28,-7.94,-1.96,4.597817659378052
1934,-6.28,-7.85,-1.96,4.60023832321167
1935,-6.18,-7.85,-1.96,4.60023832321167
1936,-6.18,-7.85,-1.96,4.603653430938721
1937,-6.18,-7.75,-2.16,4.603653430938721
1938,-5.98,-7.75,-2.16,4.6056482791900635
1939,-5.98,-7.75,-1.96,4.607805013656616
1940,-6.18,-7.75,-1.96,4.608792304992676
1941,-6.18,-7.75,-2.16,4.611268520355225
1942,-6.18,-7.75,-2.16,4.611665964126587
1943,-6.18,-7.75,-2.16,4.613779067993164
1944,-6.18,-7.55,-2.16,4.616231441497803
1945,-6.28,-7.75,-2.16,4.616231441497803
1946,-6.28,-7.75,-2.16,4.618559122085571
1947,-6.28,-7.85,-1.96,4.619559288024902
1948,-6.28,-7.85,-1.96,4.62183141708374
1949,-6.28,-7.85,-1.96,4.62466287612915
1950,-6.28,-7.94,-1.96,4.62466287612915
1951,-6.28,-7.94,-1.96,4.627828598022461
1952,-6.28,-7.94,-1.96,4.628218650817871
1953,-6.28,-7.94,-1.96,4.630652666091919
1954,-6.28,-7.85,-1.96,4.632348299026489
1955,-6.28,-7.85,-1.96,4.63515567779541
1956,-6.18,-7.85,-1.96,4.63515567779541
1957,-6.18,-7.85,-2.16,4.636152505874634
1958,-6.18,-7.85,-1.96,4.638295412063599
1959,-6.18,-7.85,-1.96,4.6408421993255615
1960,-6.18,-7.75,-1.96,4.6408421993255615
1961,-6.18,-7.75,-2.16,4.6435487270355225
1962,-6.18,-7.85,-2.16,4.6435487270355225
1963,-6.18,-7.75,-2.16,4.646273374557495
1964,-5.98,-7.75,-2.16,4.649486064910889
1965,-6.18,-7.75,-2.16,4.649486064910889
1966,-6.18,-7.75,-2.16,4.651740312576294
1967,-6.18,-7.75,-2.16,4.651740312576294
1968,-6.28,-7.85,-1.96,4.65471339225769
1969,-6.28,-7.85,-1.96,4.65471339225769
1970,-6.28,-7.85,-1.96,4.65701699256897
1971,-6.28,-7.85,-1.96,4.660281181335449
1972,-6.18,-7.94,-1.96,4.660651206970215
1973,-6.18,-7.94,-1.96,4.662573575973511
1974,-6.28,-7.94,-2.16,4.662573575973511
1975,-6.28,-7.85,-1.96,4.6655683517456055
1976,-6.28,-7.85,-1.96,4.6677405834198
1977,-6.28,-7.85,-1.96,4.6677405834198
1978,-6.28,-7.85,-1.96,4.670627117156982
1979,-6.28,-7.85,-1.96,4.67162823677063
1980,-6.28,-7.85,-1.96,4.673507452011108
1981,-6.28,-7.85,-1.96,4.676185369491577
1982,-6.28,-7.85,-1.96,4.676948308944702
1983,-6.28,-7.85,-1.96,4.67942476272583
1984,-5.98,-7.85,-1.96,4.681222915649414
1985,-6.28,-7.85,-1.96,4.682225704193115
1986,-6.28,-7.85,-2.16,4.683684587478638
1987,-6.18,-7.85,-1.96,4.685049295425415
1988,-6.18,-7.85,-1.96,4.68721866607666
1989,-6.18,-7.85,-2.16,4.687499761581421
1990,-6.18,-7.85,-2.16,4.690286636352539
1991,-6.28,-7.85,-2.16,4.692859172821045
1992,-6.28,-7.85,-1.96,4.692859172821045
1993,-6.28,-7.85,-2.16,4.695855617523193
1994,-6.28,-7.85,-2.16,4.695855617523193
1995,-6.28,-7.85,-2.16,4.697988748550415
1996,-6.28,-7.85,-1.96,4.700831651687622
1997,-6.28,-7.94,-1.96,4.701278924942017
1998,-6.28,-7.85,-1.96,4.70362663269043
1999,-6.28,-7.85,-1.96,4.70362663269043
2000,-6.28,-7.94,-1.96,4.706553220748901
2001,-6.28,-7.94,-1.96,4.706999063491821
2002,-6.28,-7.85,-1.96,4.709077596664429
2003,-6.28,-7.85,-1.96,4.712741851806641
2004,-6.28,-7.94,-1.96,4.71317720413208
2005,-6.28,-7.85,-1.96,4.714177846908569
2006,-6.28,-7.85,-2.16,4.714177846908569
2007,-6.28,-7.85,-2.16,4.716783046722412
2008,-6.28,-7.85,-2.16,4.720036029815674
2009,-6.28,-7.85,-1.96,4.720426797866821
2010,-6.28,-7.85,-2.16,4.722753047943115
2011,-6.28,-7.85,-1.96,4.723137617111206
2012,-6.28,-7.85,-1.96,4.724698543548584
2013,-6.28,-7.85,-1.96,4.727694034576416
2014,-6.28,-7.85,-1.96,4.727694034576416
2015,-6.28,-7.85,-1.96,4.73098611831665
2016,-6.28,-7.85,-1.96,4.7313923835754395
2017,-6.28,-7.85,-1.96,4.7334887981414795
2018,-6.28,-7.85,-1.96,4.736253976821899
2019,-6.28,-7.85,-1.96,4.736253976821899
2020,-6.28,-7.85,-1.96,4.739097595214844
2021,-6.28,-7.85,-2.16,4.739097595214844
2022,-6.28,-7.85,-1.96,4.741573095321655
2023,-6.28,-7.75,-1.96,4.744295358657837
2024,-5.98,-7.85,-1.96,4.744877815246582
2025,-6.18,-7.85,-1.96,4.747252702713013
2026,-6.28,-7.85,-1.96,4.747252702713013
2027,-6.18,-7.85,-1.96,4.749861001968384
2028,-6.18,-7.85,-1.96,4.751943826675415
2029,-6.18,-7.85,-1.96,4.752789497375488
2030,-6.18,-7.85,-1.96,4.755199193954468
2031,-6.18,-7.75,-2.16,4.755199193954468
2032,-6.28,-7.75,-2.16,4.758195161819458
2033,-6.18,-7.75,-2.16,4.758841276168823
2034,-6.18,-7.75,-1.96,4.760443449020386
2035,-6.18,-7.85,-1.96,4.76294732093811
2036,-6.18,-7.75,-2.16,4.76294732093811
2037,-6.18,-7.75,-1.96,4.766380548477173
2038,-6.28,-7.85,-1.96,4.7667505741119385
2039,-6.18,-7.85,-1.96,4.769140958786011
2040,-6.28,-7.75,-1.96,4.771308898925781
2041,-6.28,-7.85,-1.96,4.771308898925781
2042,-6.18,-7.85,-1.96,4.774643182754517
2043,-6.18,-7.75,-1.96,4.775680780410767
2044,-6.28,-7.75,-1.96,4.77672815322876
2045,-6.28,-7.75,-1.96,4.779442548751831
2046,-6.18,-7.75,-1.96,4.779994249343872
2047,-6.28,-7.85,-1.96,4.782624244689941
2048,-6.28,-7.85,-1.96,4.782624244689941
2049,-6.28,-7.85,-1.96,4.785118103027344
2050,-6.18,-7.85,-1.96,4.787247896194458
2051,-6.18,-7.85,-1.96,4.788115978240967
2052,-6.28,-7.85,-1.96,4.790273904800415
2053,-6.18,-7.85,-1.96,4.790273904800415
2054,-6.28,-7.85,-1.96,4.793028354644775
2055,-6.28,-7.85,-2.16,4.795746326446533
2056,-6.18,-7.85,-1.96,4.795746326446533
2057,-6.28,-7.85,-2.16,4.798893690109253
2058,-6.18,-7.85,-2.16,4.798893690109253
2059,-6.28,-7.75,-1.96,4.801781177520752
2060,-6.18,-7.85,-1.96,4.803324937820435
2061,-6.28,-7.85,-1.96,4.806867599487305
2062,-6.28,-7.85,-1.96,4.806867599487305
2063,-6.28,-7.85,-1.96,4.806867599487305
2064,-6.28,-7.75,-1.96,4.809374094009399
2065,-6.28,-7.85,-1.96,4.809374094009399
2066,-6.18,-7.85,-1.96,4.812209844589233
2067,-6.28,-7.85,-1.96,4.815072536468506
2068,-6.28,-7.85,-1.96,4.815072536468506
2069,-6.28,-7.85,-2.16,4.818066835403442
2070,-6.28,-7.85,-1.96,4.818066835403442
2071,-6.28,-7.85,-1.96,4.822160005569458
2072,-6.28,-7.85,-1.96,4.82253360748291
2073,-6.18,-7.85,-1.96,4.82253360748291
2074,-6.28,-7.94,-1.96,4.825605392456055
2075,-6.28,-7.85,-1.96,4.8262779712677
2076,-6.28,-7.85,-1.96,4.828387022018433
2077,-6.28,-7.85,-1.96,4.8316168785095215
2078,-6.28,-7.85,-1.96,4.8320276737213135
2079,-6.47,-7.85,-1.96,4.833988666534424
2080,-6.28,-7.85,-1.96,4.834727764129639
2081,-6.28,-7.85,-1.96,4.83705997467041
2082,-6.28,-7.85,-2.16,4.839238405227661
2083,-6.28,-7.85,-1.96,4.839238405227661
2084,-6.28,-7.85,-1.96,4.841704607009888
2085,-6.28,-7.85,-1.96,4.842578172683716
2086,-6.18,-7.85,-1.96,4.84473443031311
2087,-6.28,-7.85,-1.96,4.84725022315979
2088,-6.28,-7.85,-2.16,4.84725022315979
2089,-6.28,-7.85,-1.96,4.850251913070679
2090,-6.28,-7.85,-1.96,4.850251913070679
2091,-6.28,-7.85,-1.96,4.853665828704834
2092,-6.28,-7.85,-2.16,4.855663061141968
2093,-6.28,-7.85,-1.96,4.856196641921997
2094,-6.28,-7.85,-2.16,4.858676910400391
2095,-6.28,-7.85,-2.16,4.859054327011108
2096,-6.28,-7.85,-1.96,4.861459732055664
2097,-6.28,-7.85,-1.96,4.861459732055664
2098,-6.28,-7.85,-1.96,4.863811254501343
2099,-6.28,-7.85,-1.96,4.866980314254761
2100,-6.28,-7.85,-1.96,4.86845588684082
2101,-6.28,-7.85,-1.96,4.869171619415283
2102,-6.28,-7.85,-1.96,4.869171619415283
2103,-6.28,-7.85,-1.96,4.871873378753662
2104,-6.28,-7.85,-1.96,4.8747217655181885
2105,-6.28,-7.85,-1.96,4.875208139419556
2106,-6.28,-7.85,-1.96,4.877512216567993
2107,-6.28,-7.85,-1.96,4.877512216567993
2108,-6.28,-7.85,-1.96,4.880170106887817
2109,-6.28,-7.85,-1.96,4.88341212272644
2110,-6.28,-7.85,-1.96,4.88341212272644
2111,-6.28,-7.85,-1.96,4.8854124546051025
2112,-6.28,-7.85,-2.16,4.8854124546051025
2113,-6.18,-7.85,-1.96,4.8880531787872314
2114,-6.28,-7.85,-1.96,4.890899181365967
2115,-6.28,-7.85,-1.96,4.890899181365967
2116,-6.28,-7.85,-1.96,4.893742561340332
2117,-6.28,-7.85,-1.96,4.893742561340332
2118,-6.28,-7.75,-1.96,4.8964502811431885
2119,-6.28,-7.75,-1.96,4.898446798324585
2120,-6.28,-7.75,-2.16,4.8994460105896
2121,-6.28,-7.75,-1.96,4.902146100997925
2122,-6.28,-7.85,-1.96,4.902146100997925
2123,-6.28,-7.75,-1.96,4.904672861099243
2124,-6.28,-7.85,-1.96,4.906697511672974
2125,-6.28,-7.85,-1.96,4.907697439193726
2126,-6.28,-7.85,-1.96,4.910231828689575
2127,-6.28,-7.85,-1.96,4.910231828689575
2128,-6.28,-7.85,-1.96,4.914006233215332
2129,-6.28,-7.75,-1.96,4.915003061294556
2130,-6.28,-7.85,-1.96,4.915003061294556
2131,-6.28,-7.85,-1.96,4.918073892593384
2132,-6.28,-7.75,-2.16,4.918073892593384
2133,-6.18,-7.85,-2.16,4.92066216468811
2134,-6.28,-7.85,-2.16,4.92066216468811
2135,-6.28,-7.75,-1.96,4.923670053482056
2136,-6.28,-7.75,-1.96,4.926088571548462
2137,-6.28,-7.75,-1.96,4.926088571548462
2138,-6.28,-7.75,-1.96,4.930062770843506
2139,-6.28,-7.75,-1.96,4.930421352386475
2140,-6.28,-7.85,-2.16,4.93184757232666
2141,-6.28,-7.85,-2.16,4.934145927429199
2142,-6.28,-7.85,-2.16,4.934671878814697
2143,-6.28,-7.85,-2.16,4.936983585357666
2144,-6.47,-7.75,-2.16,4.936983585357666
2145,-6.18,-7.75,-1.96,4.940021276473999
2146,-6.28,-7.85,-1.96,4.942634105682373
2147,-6.18,-7.85,-2.16,4.942634105682373
2148,-6.28,-7.85,-1.96,4.945629596710205
2149,-6.28,-7.85,-1.96,4.945629596710205
2150,-6.28,-7.85,-1.96,4.948010444641113
2151,-6.28,-7.75,-1.96,4.950787544250488
2152,-6.28,-7.75,-1.86,4.9512739181518555
2153,-6.28,-7.75,-1.96,4.953676462173462
2154,-6.28,-7.85,-1.96,4.9546799659729
2155,-6.28,-7.85,-1.96,4.956645727157593
2156,-6.28,-7.75,-1.96,4.960355997085571
2157,-6.28,-7.75,-1.96,4.960355997085571
2158,-6.28,-7.75,-2.16,4.961609601974487
2159,-6.28,-7.85,-2.16,4.961609601974487
2160,-6.28,-7.75,-2.16,4.964273691177368
2161,-6.28,-7.85,-2.16,4.96471095085144
2162,-6.28,-7.85,-2.16,4.966969728469849
2163,-6.28,-7.85,-1.96,4.969816207885742
2164,-6.28,-7.85,-1.96,4.970423698425293
2165,-6.28,-7.85,-1.96,4.972496032714844
2166,-6.28,-7.85,-1.96,4.972496032714844
2167,-6.28,-7.85,-1.96,4.975676774978638
2168,-6.28,-7.85,-1.96,4.977877616882324
2169,-6.28,-7.85,-1.96,4.977877616882324
2170,-6.18,-7.85,-2.16,4.980835676193237
2171,-6.28,-7.85,-1.96,4.980835676193237
2172,-6.28,-7.85,-1.96,4.983521223068237
2173,-6.28,-7.85,-2.16,4.9861462116241455
2174,-6.28,-7.85,-1.96,4.9861462116241455
2175,-6.28,-7.85,-1.96,4.988803386688232
2176,-6.28,-7.85,-1.96,4.988803386688232
2177,-6.28,-7.85,-1.96,4.991716384887695
2178,-6.28,-7.85,-1.96,4.993626356124878
2179,-6.28,-7.85,-1.96,4.99462890625
2180,-6.28,-7.85,-1.96,4.997116804122925
2181,-6.28,-7.85,-1.96,4.997116804122925
2182,-6.28,-7.85,-1.96,4.99929404258728
2183,-6.28,-7.85,-1.96,5.0025269985198975
